Output,Input,Call,mNemonic,Location,Service Area,Latitude,Longitude,S,ERP,HASL,T/O,Sp,Tone,Notes
,,,,,,,,,,,,,,{{10M;FM;*}}
29.1200,29.1200,VK2RMB,THills,Terrey Hills,Sydney 6/15,-33.692994,151.222079,P,-,150,-,2MB,-,1
29.1200,29.1200,VK2RBH,Darlng,Mt Darling,Broken Hill,-32.022963,141.533162,O,-,400,-,2DPG,-,12
29.1200,29.1200,VK4RLB,-,Logan,Brisbane,-27.627411,153.100191,O,25,60,4,4ARN,88.5,3
29.1300,29.1300,VK2RNG,Werri,Werrington,Western Sydney,-33.765599,150.740681,O,-,-,-,2THE,-,13
29.1400,29.1400,VK3RRU,-,Merbein,Mildura,-34.168332,142.07905,O,20,-,2.5,3RSG,-,5
29.6200,29.5200,VK5RSC,-,Mt Terrible,Adelaide,-35.331101,138.501776,O,40,410,3,5ARC,-,7
29.6300,29.5300,VK2RCZ,-,Lalor Park,Sydney West 8/15,-33.747338,150.833553,P,-,-,3,2CRZ,-,
29.6300,29.5300,VK4RPU,-,Mt Perry,Monto 6/15,-25.191485,151.688007,P,-,-,-,4PU,-,
29.6300,29.5300,VK7RMD,-,Mt Duncan,NW Tasmania 6/15,-41.194584,146.035604,P,30,600,3,7NW,-,
29.6400,29.5400,VK3RHF,-,Olinda,Melbourne,-37.857864,145.364227,O,100,600,3,3UJ,-,8
29.6500,29.5500,VK2RWI,Dural,Dural,Sydney 6/15,-33.698742,151.055463,X,25,240,-,2WI,-,
29.6600,29.5600,VK4RKC,-,Ocean View,Brisbane North,-27.145551,152.820209,O,100,530,5,4KI,-,9
29.6700,29.5700,VK2RBM,Lawsn1,Lawson,Blue Mtns,-33.719433,150.431585,O,-,900,3,2HZ,-,
29.6800,29.5800,VK6RHF,-,Leeming,Perth,-32.186175,116.070791,O,50,300,3,WRG,179.9,10,11
29.6800,29.5800,VK7RHF,-,Roberts Bluff,Kaoota,-42.919472,147.315947,O,50,710,5,7HH,91.5,19
,,,,,,,,,,,,,,{{6M;FM;VK2}}
53.5500,52.5500,VK2RSC,Lismor,Parrots Nest,Lismore,-28.857063,153.228511,O,20,185,3,2SRC,-,
53.5750,52.5750,VK2RPW,-,Grundy Mtn,Walcha,-31.326537,151.655979,O,50,1463,3,NWR,-,
53.6000,52.6000,VK2RNW,Kaput,Mt Kaputar,Narrabri 6/15,-30.278821,150.152139,X,-,1550,-,2AJ,-,
53.6250,52.6250,VK2RSN,-,Mt Sugarloaf,Newcastle,-32.944671,151.515857,O,-,442,-,2FA,-,
53.6500,52.6500,VK2RMP,Maddns,Maddens Plains,Wollongong - Sydney,-34.263384,150.954594,O,40,465,4,2AMW,123,2
53.6750,52.6750,VK2RMB,THills,Terrey Hills,Sydney 6/15,-33.692994,151.222079,X,50,150,3,2MB,-,1
53.7000,52.7000,VK2RGN,-,Signal Hill,Goulburn,-34.756348,149.688344,O,-,-,-,2JQ,-,
53.7250,52.7250,VK2RAG,Someb,Somersby,Gosford - Wyong,-33.360078,151.291215,O,50,320,3,2EH,91.5,71
53.7500,52.7500,VK2RCB,-,Francis L/O Dorrigo,Bellingen 7/17,-30.396516,152.688203,P,50,850,3,2EP,-,
53.8500,52.8500,VK2RWI,Dural,Dural,Sydney,-33.698742,151.055463,O,25,240,3.5,2WI,-,
53.8750,52.8750,VK2RBM,Lawsn1,Lawson,Blue Mtns,-33.719433,150.431585,O,-,900,3,2HZ,123,
53.9250,52.9250,VK1RGI,Ginini,Mt Ginini,SE NSW - ACT 6/15,-35.529552,148.772605,P,35,1770,3,1ACA,91.5,
,,,,,,,,,,,,,,{{6M;FM;VK3}}
53.5000,52.5000,VK3RSA,-,Emerald,Melbourne 8/17,-37.932578,145.444156,P,25,316,3,VSA,91.5,
53.5500,52.5500,VK3RMH,WatlGn,Wattle Glen,Melbourne 6/15,-37.681545,145.195462,X,25,120,3,3CNE,-,
53.5750,52.5750,VK3RDD,-,Cockatoo,Dandenong 6/17,-37.942949,145.477019,X,30,385,3.5,3BJA,91.5,
53.6000,52.6000,VK3RMR,-,Mt Lookout,Gippsland,-37.696814,146.364065,O,25,-,-,3EGC,-,
53.6250,52.6250,VK3RHF,-,Mt Dandenong,Melbourne 11/17,-37.857864,145.364227,X,50,600,3,3UJ,88.5,8
53.6500,52.6500,VK3RWU,-,Mt William,Grampians,-37.294985,142.603725,O,-,-,-,3WI,91.5,
53.6750,52.6750,VK3RAD,-,Mitcham,Melbourne East 6/15,-37.820773,145.188383,X,-,100,-,3JFK,-,
53.6750,52.6750,VK3RTN,-,Mt Gordon,Marysville - NE Vic,-37.515969,145.712369,O,25,800,2.5,3JFK,-,14
53.7250,52.7250,VK3RGV,Wombat,Mt Wombat,Shepparton 3/18,-36.849308,145.67307,X,15,800,3,3WI,123,18
53.9000,52.9000,VK3RMS,Olind2,Olinda,Melbourne,-37.853928,145.36636,O,60,600,3,3WI,-,15
53.9750,52.9750,VK3RGM,-,Mt Buller,NE Victoria 6/15,-37.146425,146.43441,X,25,1800,3,3JFK,-,
,,,,,,,,,,,,,,{{6M;FM;VK4}}
53.6250,52.6250,VK4RRC,-,Wamuran,Redcliffe,-27.036716,152.823105,O,20,230,5,4RC,-,
53.7000,52.7000,VK4RSN,-,Wilkes Knob,Sunshine Coast,-26.778175,152.912493,O,18,470,5,4WIS,-,
53.7250,52.7250,VK4RGA,-,Kroombit Tops,Central Queensland 8/15,-24.356626,150.939698,X,83,1010,5,QGL,-,
53.7250,52.7250,VK4RLB,-,Woodridge,Brisbane South,-27.627411,153.100191,O,25,60,4,4ARN,-,3
53.7750,52.7750,VK4RBG,Bunda,Bundaberg,Bundaberg 6/15,-24.842477,152.426293,P,25,50,5,4BW,-,
53.7750,52.7750,VK4RBP,-,Butchers Creek,Atherton Tableland 3/18,?,?,U,-,600,-,4FUY,-,
53.8000,52.8000,VK4RSA,-,Sarina,Mackay 6/15,-21.497521,149.16955,T,-,-,-,4RM,-,
53.8250,52.8250,VK4REG,-,Mt Mowbullan,Bunya Mtns,-26.888563,151.600764,O,25,1700,5,4JV,91.5,
53.8750,52.8750,VK4RLS,-,Mt Dunsinane,Logan/Bdesert 7/17,-27.926477,153.040439,P,50,400,5,4BAB,-,
53.9250,52.9250,VK4RBX,-,The Knobby,Ipswich,-27.502263,152.591633,O,50,-,5,4AB,-,
53.9500,52.9500,VK4RAT,-,Mt Stuart,Townsville 6/15,-19.343838,146.780685,P,-,584,-,4WIT,-,
53.9750,52.9750,VK4RBR,-,Mt Gravatt,Brisbane,-27.526594,153.091706,O,25,80,3,4WIE,-,
,,,,,,,,,,,,,,{{6M;FM;VK5}}
53.7500,52.7500,VK5RSB,Sumtwn,Summertown,Adelaide,-34.949232,138.716978,O,50,620,8,5ARG,-,
53.7750,52.7750,VK5RLZ,-,Elizabeth,Adelaide North,-34.742448,138.649074,O,50,73,5,5LZ,-,
,,,,,,,,,,,,,,{{6M;FM;VK6}}
53.8000,52.8000,VK6RAP,PerSE1,Roleystone,Perth South East,-32.100052,116.05155,O,20,350,5,WRG,-,11
,,,,,,,,,,,,,,{{6M;FM;VK7}}
53.7000,52.7000,VK7RCH,-,Roberts Bluff,Kaoota,-43.042591,147.178015,O,50,710,5,7HH,-,19
53.7750,52.7750,VK7RTV,-,Gawler,Central NW Coast,-41.200655,146.154779,O,50,155,7.5,TNA,-,
53.8000,52.8000,VK7RMD,-,Mt Duncan,NW Tasmania 3/17,-41.194584,146.035604,X,40,600,10,7NW,-,
53.8250,52.8250,VK7RAD,-,Queens Domain,Derwent Valley,-42.846518,147.310387,O,30,140,8,7OTC,-,17
53.8750,52.8750,VK7RAA,-,Mt Arthur,N Tasmania 6/15,-41.274031,147.283039,P,50,1400,3,7TAZ,-,
53.9500,52.9500,VK7RVP,-,St Valentines Peak,NW Tasmania,-41.356588,145.755707,O,40,1150,3,7DB,91.5,
,,,,,,,,,,,,,,{{2M;FM;VK2}}
146.6250,146.0250,VK2RBB,Byron,Goonengerry,Byron Bay,-28.602217,153.435042,O,18,355,3,2SRC,123,
146.6250,146.0250,VK2RGN,MtGray,Mt Gray,Goulburn,-34.758567,149.763092,O,20,-,3,2JQ,-,
146.6250,146.0250,VK2RNW,Kaput,Mt Kaputar,Narrabri - NW NSW 6/15,-30.278821,150.152139,P,50,1550,3,2AJ,-,
146.6500,146.0500,VK2RDX,Bindo,Mt Bindo,W Blue Mtns,-33.677019,150.009289,O,50,1362,3.5,2LE,-,
146.6500,146.0500,VK2RMI,THiHi,Terry Hie Hie,Moree / Inverell,-29.805968,150.279974,O,10,660,4,2AJ,-,
146.6750,146.0750,VK2RCV,Graft,Grafton,Clarence Valley,-29.634646,153.15733,O,30,264,3.5,2YLO,123,
146.6750,146.0750,VK2REE,-,Mt Ganghat,Taree-Gloucester,-31.922071,152.18174,O,50,600,5.0,2FRE,123,22
146.6750,146.0750,VK2RLH,SBark,Stringybark Hill,Bathurst 6/17,-33.554857,149.359776,X,25,-,-,2NX,-,
146.6750,146.0750,VK2RUW,Nites1,Knights Hill,Wgong Sth - Shoalhaven,-34.618243,150.697311,O,50,920,5,2AMW,-,21
146.7000,146.1000,VK2RAO,Cbolas,Mt Canobolas,Orange,-33.341852,148.982967,O,50,1417,3,2AOA,91.5,
146.7000,146.1000,VK2RMU,NowraH,Nowra Hill,Milton - Ulladulla,-34.935597,150.566994,O,50,330,4,2HQ,123,
146.7000,146.1000,VK2RPM,MdlBro,Middle Brother,Port Macquarie,-31.701304,152.678285,O,50,552,3.5,2BOR,91.5,
146.7250,146.1250,VK1RBM,Issacs,Isaacs Ridge,Canberra Central,-35.364585,149.11875,O,25,790,3,1ACA,91.5,
146.7250,146.1250,VK2RAD,SHill,South Hill,Armidale,-30.544277,151.651755,O,10,1140,3,2IY,-,
146.7250,146.1250,VK2RAG,Someb,Somersby,Gosford,-33.360078,151.291215,O,50,320,3,2EH,91.5,
146.7250,146.1250,VK2RBL,Balran,Balranald,Balranald 6/15,-34.635162,143.566797,X,50,-,-,3RSG,-,
146.7250,146.1250,VK2RCD,BurroH,Burroway Hill,Dubbo area,-32.154911,148.556712,O,50,300,-,2UBQ,-,29
146.7250,146.1250,VK2RMS,-,Lightning Ridge,Lightning Ridge,-29.434695,147.972399,O,50,-,-,2SMS,-,
146.7500,146.1500,VK2RCB,FranLO,Francis Lookout,Bellingen,-30.396516,152.688203,O,50,850,3,2EP,123,24
146.7500,146.1500,VK2RFS,Mumbla,Mt Mumbulla,Batemans Bay/Vic Border,-36.544939,149.866163,O,50,766,3,2DIE,-,55
146.7500,146.1500,VK2RTM,-,Mt Crawney,Tamworth/Muswellbrook,-31.58758,150.99258,O,50,1361,-,2BTW,-,
146.7500,146.1500,VK2RWG,WOF,Wheel of Fortune,Wagga,-35.049858,147.55937,O,25,496,3,2WG,91.5,25
146.7750,146.1750,VK2RBE,Bethun,Mt Bethungra,Cootamundra - Young,-34.720724,147.877424,O,25,892,3,2WG,91.5,25
146.7750,146.1750,VK2RBK,NomTop,Noumea Tops,Bingara/Barraba 6/17,-30.056695,150.52417,X,25,720,-,2DK,-,
146.7750,146.1750,VK2RBR,Tabulm,Tabulam,Far North Coast 6/15,-28.754019,152.427095,X,10,600,3,2SRC,-,
146.7750,146.1750,VK2RTZ,SugarL,Sugarloaf Range,Newcastle,-32.950285,151.517688,O,83,442,3,2ATZ,91.5,
146.8000,146.2000,VK2RCC,NeedlMn,Needle Mtn,Coonabarabran,-31.346311,149.026186,O,80,1100,3.5,2UBQ,-,29
146.8000,146.2000,VK2RLE,HCote,Engadine,Sydney,-34.040329,151.036165,O,60,110,5,2LE,-,
146.8000,146.2000,VK2RSC,Lismor,Parrots Nest,Lismore,-28.857063,153.228511,O,15,185,3,2SRC,123,
146.8000,146.2000,VK2RTD,Kendal,Mt Kendall,Tumut area,-35.495522,148.009957,O,25,933,3,2WG,91.5,25
146.8250,146.2250,VK2RGA,Galore,Mt Galore,Lockhart,-35.108227,146.790662,O,25,387,3,2WG,91.5,25
146.8250,146.2250,VK2RHR,HRange,High Range,Southern Highlands,-34.370997,150.335746,O,50,862,3,2JQ,-,
146.8250,146.2250,VK2RWP,WolumP,Wolumla Peak,Bega-Far Sth Coast 6/15,-36.864455,149.728115,T,50,770,3.5,2CRN,-,
146.8500,146.2500,VK2RCH,Bruxnr,Mt Coramba,Coffs Harbour,-30.219255,153.053358,O,50,600,3,2EP,123,24
146.8500,146.2500,VK2RGF,SqrNob,Mt Square Knob,Leeton - Griffith,-34.551752,146.610155,O,25,386,3,2WG,91.5,25
146.8500,146.2500,VK2RMO,Baldwn,Mt Baldwin,Tamworth,-31.045559,150.959429,O,20,820,-,2BTW,-,
146.8500,146.2500,VK2RMP,Maddns,Maddens Plains,Wollongong - Sydney,-34.263384,150.954594,O,120,465,4,2AMW,-,21
146.8750,146.2750,VK2RMB,THills,Terrey Hills,Sydney,-33.692994,151.222079,O,50,150,3,2MB,-,1
146.8750,146.2750,VK2RMY,YarahP,Mt Yarrahapinni,Kempsey - Macksville,-30.813912,152.91949,O,15,500,3,2EP,-,
146.8750,146.2750,VK2RLJ,Prishr,Back Perisher Mtn,Jindabyne,-36.400004,148.39187,O,10,2010,3,2SNO,-,
146.8750,146.2750,VK2RZL,Muswel,Mt Arthur,Muswellbrook,-32.363013,150.858396,O,10,-,0.5,2ATZ,123,
146.9000,146.3000,VK1RAC,Tidbin,Tidbinbilla,SW ACT 6/15,-35.378932,148.952144,X,10,441,5,1ACA,-,
146.9000,146.3000,VK2RNC,SgarL,Mt Sugarloaf,Lower Hunter,-32.890196,151.538894,O,70,442,5,2AWX,-,
146.9000,146.3000,VK2RRT,Boona,Boona Mtn,Condobolin,-32.656487,147.144526,O,25,441,5,2UBQ,-,
146.9250,146.3250,VK1RJB,Jervis,Jervis Bay,Jervis Bay 3/18,?,?,U,-,-,-,2VVV,-,
146.9250,146.3250,VK2RGR,NRyde,North Ryde,Sydney North,-33.798308,151.126907,O,10,30,2.5,2TVG,-,
146.9250,146.3250,VK2RPW,-,Grundy Mtn,Walcha,-31.326537,151.655979,O,50,1463,3,NWR,-,
146.9500,146.3500,VK1RGI,Ginini,Mt Ginini,ACT - SE NSW,-35.529552,148.772605,O,40,1770,3.5,1ACA,91.5,
146.9500,146.3500,VK2RNE,Rumbee,Mt Rumbee,Glen Innes,-29.951869,151.605269,O,10,1503,4,2AJ,-,
146.9750,146.3750,VK2RNC,SgarL1,Mt Sugarloaf,Lower Hunter,-32.890196,151.538894,O,70,442,10,2AWX,-,26
146.9750,146.3750,VK2RUW,Nites2,Knights Hill,Wollongong 5/17,-34.618243,150.697311,P,50,920,5,2AMW,-,50
147.0000,146.4000,VK2RBH,Darlng,Mt Darling,Broken Hill,-32.022963,141.533162,O,15,400,3,2DPG,-,
147.0000,146.4000,VK2RCN,TelePt,Telegraph Point,Port Macquarie,-31.303962,152.774113,O,50,136,3,2BOR,-,
147.0000,146.4000,VK2RWI,Dural,Dural,Sydney,-33.698742,151.055463,O,120,240,3.5,2WI,-,
147.0250,147.6250,VK2ROT,Paddo,Paddington,Sydney,-33.886561,151.229112,O,20,40,3,2BV,91.5,23
147.0250,147.6250,VK2RSM,Digits,Digits,Adaminaby,-35.985986,148.684447,O,50,1350,3.5,2SNO,-,
147.0500,147.6500,VK2RBM,Lawsn1,Lawson,Blue Mtns,-33.719433,150.431585,O,20,900,3.5,2HZ,123,
147.0750,147.6750,VK2RMW,Wandra,Mt Wandera,Batemans Bay,-35.794735,150.005919,O,25,530,3,2BAY,-,
147.0750,147.6750,VK2RCZ,Lalor,Lalor Park,Sydney West,-33.747338,150.833553,O,20,150,3,2CRZ,123,
147.0750,147.6750,VK2RWR,Moona,Moona Trig,Walcha,-31.039903,151.88983,O,50,1336,3,NWR,-,
147.1000,147.7000,VK2RGL,CbTree,Cabbage Tree Mtn,Forster - Tuncurry,-32.257395,152.120465,O,30,650,5,2GLR,-,
147.1000,147.7000,VK2RSH,SHigh,Southern Highlands,Southern Highlands,-34.408146,150.517692,O,-,-,-,2JQ,-,
147.1000,147.7000,VK2RWM,Warrad,Mt Warraderry,Grenfell 12/17,-33.835834,148.137425,X,100,575,3,2XAQ,-,
147.1250,147.7250,VK1RWP,-,portable,ACT WICEN,-,-,O,20,-,-,1ACA,-,
147.1250,147.7250,VK2RAG,Someb1,Somersby,Gosford WICEN,-33.360078,151.291215,O,50,320,3,2EH,91.5,
147.1250,147.7250,VK2RAV,-,portable,Statewide WICEN,-,-,O,10,-,3,NWN,-,
147.1250,147.7250,VK2RSR,Scadns,Scaddens Ridge,Wyong WICEN,-33.294542,151.366914,O,20,-,-,NWN,-,27
147.1500,147.7500,VK1RWP,-,portable,ACT WICEN,-,-,O,20,-,-,1ACA,-,
147.1500,147.7500,VK2RAV,-,portable,Statewide WICEN,-,-,O,10,-,3,NWN,-,
147.1500,147.7500,VK2RWC,Chats1,Chatswood,Sydney WICEN,-33.798005,151.178974,O,40,140,0.5,NWN,91.5,
147.1500,147.7500,VK2RWH,Nwcsle,Newcastle,Lower Hunter WICEN,-32.917428,151.515456,O,-,-,-,NWN,-,
147.1500,147.7500,VK2RWK,KurraJ,Kurrajong Heights,Blue Mtns WICEN,-33.523583,150.62693,O,-,-,-,NWN,-,
147.1750,147.7750,VK1RBH,BullsH,Bulls Head,ACT WICEN,-35.385788,148.813048,O,50,1385,-,1ACA,-,
147.1750,147.7750,VK1RWP,-,portable,ACT wide WICEN,-,-,O,-,-,-,1ACA,-,
147.1750,147.7750,VK2RAV,-,portable,Statewide WICEN,-,-,O,10,-,3,NWN,-,
147.1750,147.7750,VK2REP,-,portable,Statewide WICEN,-,-,O,-,-,-,NWN,-,
147.1750,147.7750,VK2RFI,-,portable,Hunter region WICEN,-,-,O,-,-,-,NWN,-,
147.1750,147.7750,VK2RWS,-,portable,Statewide WICEN,-,-,O,-,-,-,NWN,-,
147.2000,147.8000,VK2RCW,Lindsy,Mt Lindsay,Orange,-33.27946,149.123207,O,87,950,3,2ACW,-,
147.2000,147.8000,VK2RGL,CbTree,Cabbage Tree Mtn,Forster - Tuncurry,-32.257395,152.120465,O,30,650,5,2GLR,-,
147.2000,147.8000,VK2RWB,GwynH,Gwynne Hill,Yarrawonga WICEN,-35.912473,145.884426,O,80,250,5,NWN,123,19
147.2250,147.8250,VK2RAY,Albury,Hume Weir,Albury,-36.10083,147.035272,O,-,-,-,2EWC,118.8,
147.2250,147.8250,VK2RST,Lewshm,Lewisham,Sydney SSTV 6/15,-33.894531,151.145352,X,25,60,5,2TVG,-,30
147.2250,147.8250,VK2RYL,BaldM,Bald Mtn,Rylstone,-32.690949,150.017541,O,120,983,4,2LE,-,31
147.2500,147.8500,VK2REH,Woodbn,Moonimba,Evans Head,-29.115507,153.443259,O,18,180,3,2SRC,123,
147.2500,147.8500,VK2RNS,Asqith,Asquith,Sydney,-33.689879,151.100677,O,50,225,3.5,2MA,-,32
147.2750,147.8750,VK2RAP,AcacPl,Acacia Plateau,Warwick - Stanthorpe,-28.39188,152.347415,O,40,950,3,4BRC,-,33
147.2750,147.8750,VK2RRR,Razor,Razorback Range,SW Sydney,-34.138944,150.664926,O,-,-,-,2VVV,-,
147.3250,147.9250,VK2RTS,Lawsn2,Lawson,Blue Mtns,-33.710693,150.444899,O,25,-,5,2FKO,-,
147.3750,147.9750,VK2RMM,McKen,Mt MacKenzie,Tenterfield - Granite Belt,-29.086143,151.966348,O,40,1350,3,4BRC,123,33
147.3750,147.9750,VK2RSE,Robts,Mt Roberts,Monaro Snowy Mtns,-35.983587,149.026049,O,100,1482,3,2DIE,-,
,,,,,,,,,,,,,,{{2M;FM;VK3}}
144.9375,145.5375,VK3RDQ,WantE,Outer Eastern Suburbs,Melbourne,-37.881361,145.219101,O,80,68,3,3DQ,91.5,46
146.6500,146.0500,VK3RBT,GreenH,Green Hill,Ballarat,-37.626423,143.901577,O,-,-,-,3BML,91.5,
146.6500,146.0500,VK3REG,MntCan,Mt Cann,East Gippsland,-37.646728,148.978698,O,40,-,2.5,3EGC,-,35
146.6500,146.0500,VK3RGV,Wombat,Mt Wombat,Shepparton 3/18,-36.849308,145.67307,X,80,800,3,3WI,123,18
146.6750,146.0750,VK3RSP,MtMtha,Mt Martha,Mornington Peninsula,-38.354033,144.950608,O,-,-,-,3BSP,-,
146.6750,146.0750,VK3RCA,Roches,Rochester,Echuca 3/18,-36.297996,144.689666,X,40,120,3,3CMZ,-,
146.7000,146.1000,VK3RML,FernyC,Ferny Creek,Melbourne,-37.877796,145.336328,O,100,600,2.5,3RSG,91.5,
146.7000,146.1000,VK3RON,Ouyen,Ouyen,Ouyen,-35.074327,142.310949,O,80,130,3,3RSG,-,56
146.7250,146.1250,VK3RYV,Briart,Briarty Hill,Yarra Valley,-37.730985,145.476243,O,25,421,2.5,3YVG,-,
146.7500,146.1500,VK3RBA,Bunyng,Mt Buninyong,Ballarat,-37.65293,143.926465,O,15,750,3,3WI,91.5,
146.7750,146.1750,VK3RAG,Renies,Rennies Hill,Alexandra,-37.218631,145.705835,O,50,480,2.5,3JFK,123,14
146.8000,146.2000,VK3RLV,Tassie,Mt Tassie,Latrobe Valley,-38.393572,146.55926,O,80,730,2.5,3WI,-,37
146.8000,146.2000,VK3RMA,Mildra,Mildura,Mildura City,-34.189305,142.161413,O,50,50,3,3WI,-,56
146.8250,146.2250,VK3RAJ,Upwey,Upwey,Melbourne E/SE,-37.90393,145.317257,O,50,270,3,3AJ,94.8,104
146.8250,146.2250,VK3RPL,Portld,Portland,Portland,-38.387794,141.631864,O,200,100,3,3AJ,91.5,104
146.8250,146.2250,VK3RYN,-,Yallourn North,Latrobe Valley 8/17,-38.153547,146.406513,T,40,112,3,3AJ,103.5,104
146.8500,146.2500,VK3RDU,Major,Mt Major,Goulburn Valley,-36.36159,145.694467,O,80,377,2.5,3WI,-,
146.8500,146.2500,VK3RMN,KLake,Kinglake,Melbourne,-37.515708,145.316285,O,80,600,3,VWN,91.5,39
146.8500,146.2500,VK3RWM,Arapls,Mt Arapiles,Horsham,-36.752317,141.835941,O,30,-,2.5,3WI,-,
146.8750,146.2750,VK3RGH,GreenH,Green Hill,Macedon R & Melb,-37.186272,144.425745,O,100,600,3,3HF,91.5,
146.9000,146.3000,VK3REB,MntNow,Mt Nowa Nowa,Bairnsdale,-37.692799,148.090901,O,30,354,2.5,3EGC,-,35
146.9250,146.3250,VK3RPW,-,portable,Statewide WICEN,-,-,O,-,-,-,VWN,-,
146.9250,146.3250,VK3RWE,-,portable,Statewide WICEN,-,-,O,-,-,-,VWN,-,
146.9250,146.3250,VK3RWI,-,portable,Statewide WICEN,-,-,O,-,-,-,VWN,-,
146.9250,146.3250,VK3RWR,-,portable,Statewide WICEN,-,-,O,-,-,-,VWN,-,
146.9250,146.3250,VK3RWP,-,portable,Statewide WICEN,-,-,O,20,-,-,3WI,-,
146.9500,146.3500,VK3RWZ,Wiliam,Mt William,Grampians,-37.293081,142.601203,O,50,1170,2.5,3WI,91.5,
146.9750,146.3750,VK3RRC,RdlsCk,Riddells Creek,Riddells Creek 8/17,-37.447981,144.66484,P,40,-,-,VSA,91.5,
146.9750,146.3750,VK3RSR,-,portable,Statewide,-,-,O,20,-,-,VSA,-,40
146.9750,146.3750,VK3RWO,-,Bald Hill,West Wodonga,-36.103698,146.790444,O,50,-,-,NEV,123,
147.0000,146.4000,VK3RGL,Anakie,Mt Anakie,Geelong,-37.886427,144.269036,O,45,400,3,3ATL,91.5,
147.0000,146.4000,VK3RNE,BigBen,Mt Big Ben,Wodonga,-36.406294,146.940976,O,30,1158,2.5,3WI,-,36
147.0250,147.6250,VK3RGS,-,Mt Fatigue,Foster 6/15,-38.569862,146.306918,X,60,-,2.5,3WI,123,37
147.0250,147.6250,VK3RMK,Kerang,Mt Kerang,Charlton,-36.312286,143.551248,O,25,385,-,3WI,-,
147.0500,147.6500,VK3RHO,Hotham,Mt Hotham,NE Victoria 3/18,-36.974128,147.139385,X,30,-,2.5,3WI,-,
147.0500,147.6500,VK3RVL,RobinV,Robinvale,Robinvale,-34.587484,142.769895,O,40,-,3,3RSG,-,56
147.0500,147.6500,VK3RWL,Warnum,Mt Warrnambool,Warrnambool,-38.304936,142.737853,O,40,-,0.5,3WI,-,
147.0750,147.6750,VK3RCR,Dande,Mt Dandenong,Melbourne,-37.837476,145.34661,O,100,600,-,3VW,-,
147.1000,147.7000,VK3RPB,Bright,Mt Porepunkah,Bright,-36.657286,146.962299,O,5,-,2.5,3WI,-,36
147.1000,147.7000,VK3RSG,BassH,Bass Hill,South Gippsland,-38.488804,145.550932,O,40,-,3,3WI,-,
147.1000,147.7000,VK3RWA,BenNev,Ben Nevis,Ararat,-37.228424,143.201094,O,30,876,2.5,3WI,91.5,
147.1250,147.7250,VK3RDG,Delegt,Mt Delegate,Delegate,-37.112673,148.897344,O,-,-,-,3WI,-,
147.1250,147.7250,VK3RGC,MoPell,Montpellier,Geelong,-38.157168,144.313919,O,45,160,3,3ATL,91.5,
147.1500,147.7500,VK3RCV,Alex,Mt Alexander,Bendigo,-36.990597,144.308725,O,20,730,3,3WI,-,
147.1500,147.7500,VK3REM,MarHil,Maramingo Hill,Mallacoota WICEN 7/15,-37.410914,149.552615,X,30,388,2.5,3EGC,-,35
147.1750,147.7750,VK3REC,Olind1,Olinda,Melbourne,-37.857864,145.364227,O,40,600,2.5,3ER,-,
147.2000,147.8000,VK3RBQ,Dimbol,Dimboola,Wimmera,-36.452161,142.034844,O,25,160,-,3KAY,-,
147.2000,147.8000,VK3RPS,Cotrel,Mt Cottrell,Melb West EchoL/IRLP,-37.763158,144.621872,O,150,217,3,3HF,91.5,103
147.2250,147.8250,VK3RWG,BawSq,Mt Baw Baw,West Gippsland,-37.838335,146.274831,O,20,1563,2.5,3WI,-,
147.2500,147.8500,VK3RMM,Macdon,Mt Macedon,Melbourne WICEN,-37.383441,144.57678,O,100,1011,2.5,3WI,-,
147.2750,147.8750,VK3RMP,Caveat,Caveat,North Central 8/17,-37.06943,145.500901,P,100,670,3,VSA,91.5,
147.2750,147.8750,VK3ROW,BeechF,Beech Forest,Otway Ranges 6/15,-38.633254,143.563896,X,45,550,3,3ATL,91.5,
147.3000,147.9000,VK3RWE,-,portable,Statewide WICEN,-,-,O,-,-,-,3WI,-,
147.3000,147.9000,VK3RWR,-,portable,Statewide WICEN,-,-,O,-,-,-,3WI,-,
147.3000,147.9000,VK3RWP,-,portable,Statewide WICEN,-,-,O,20,-,-,3WI,-,
147.3250,147.9250,VK3RMC,NarWar,Narre Warren Nth,Melbourne SE,-38.001189,145.328134,O,50,-,-,3APC,-,
147.3500,147.9500,VK3RMS,Olind2,Olinda,Melbourne East,-37.853928,145.36636,O,-,600,-,3WI,-,
147.3750,147.9750,VK3RMU,StLeo,Mt St Leonard,Melbourne,-37.567537,145.52555,O,-,1028,2.5,3WI,91.5,
147.4250,147.4250,VK3RFY,Hillsd,Hillside,Melb West EchoL/IRLP,-37.694622,144.728557,O,100,145,-,3HF,91.5,38,99
,,,,,,,,,,,,,,{{2M;FM;VK4}}
145.6250,145.6250,VK4RKC,-,Ocean View,Brisbane North SSTV,-27.145551,152.820209,O,100,530,-,4KI,-,41
146.6250,146.0250,VK4RCC,-,Ocean View,Brisbane North,-27.145551,152.820209,O,-,-,-,4QD,-,
146.6250,146.0250,VK4RGT,-,Maurice Hill,Gladstone City,-23.935977,151.242554,O,83,212,2,QGL,91.5,
146.6500,146.0500,VK4ROM,-,Grafton Range,Roma,-26.5754,148.842178,O,30,550,-,4ROM,-,
146.6500,146.0500,VK4RHB,-,Booral,Hervey Bay,-25.359545,152.889926,O,25,135,3,4CHB,-,
146.6750,146.0750,VK4RET,-,Mt Kiangarow,S Burnet & D/Downs,-26.830664,151.548911,O,60,1145,5,4BAD,91.5,58
146.6750,146.0750,VK4RHT,-,Hann Tableland,Atherton Tablelands,-16.916101,145.252179,O,100,965,4,4WAT,-,
146.6750,146.0750,VK4RSA,-,Sarina,Mackay,-21.497521,149.16955,O,25,400,4,4RM,-,
146.7000,146.1000,VK4RAR,-,Mt Archer,Rockhampton,-23.338948,150.578041,O,50,608,4,4WIR,91.5,
146.7000,146.1000,VK4RAT,-,Mt Stuart,Townsville,-19.343838,146.780685,O,50,584,10,4WIT,-,
146.7000,146.1000,VK4RGC,-,Springbrook,Gold Coast,-28.231694,153.266325,O,150,1010,4,4WIG,123,48
146.7000,146.1000,VK4RMI,-,Four Mile Hill,Mount Isa,-20.712737,139.558311,O,20,500,3.5,4RMI,-,
146.7250,146.1250,VK4RCM,GymSth,Mt Boulder,Gympie Southern,-26.252528,152.805384,O,20,505,4,4GYM,91.5,
146.7250,146.1250,VK4RKP,-,Mt Crosby,Ipswich,-27.527452,152.797919,O,20,-,-,4AKP,-,
146.7500,146.1500,VK4RDD,-,O'Rourke's House,Toowoomba,-27.691258,151.991884,O,35,702,4,4WID,-,
146.7500,146.1500,VK4RPU,-,Mt Perry,Monto,-25.191485,151.688007,O,-,-,-,4PU,-,
146.7750,146.1750,VK4RBM,-,Blue Mtn,Mackay,-21.600646,148.967883,O,25,400,4,4WIM,91.5,42
146.7750,146.1750,VK4RGN,GymNth,Mt Kanigan,Gympie Northern,-25.960469,152.575327,O,25,366,4,4GYM,91.5,
146.8000,146.2000,VK4RBU,MtGoon,Mt Goonaneman,Bundaberg/Maryborough,-25.433093,152.122131,O,20,620,4,4BW,-,44
146.8000,146.2000,VK4RMP,-,Midge Point,Proserpine,-20.647622,148.676631,O,-,-,-,4RM,-,49
146.8250,146.2250,VK4RCR,-,Braeside,Warwick/Stanthorpe,-28.390881,151.925221,O,60,916,5,4AGJ,91.5,
146.8250,146.2250,VK4RSL,-,Noosa Heads,Sunshine Coast North,-26.389268,153.097528,O,25,100,4.5,4WIS,91.5,45
146.8250,146.2250,VK4RSP,-,Roddas Lookout,Springsure,-24.142374,148.154222,O,100,-,-,4WCH,-,49
146.8500,146.2500,VK4RSC,-,Wilkes Knob,Sunshine Coast South,-26.778175,152.912493,O,15,470,4.5,4WIS,91.5,45
146.8500,146.2500,VK4RSD,-,Malanda,Sth Atherton Tablelands,-17.36186,145.636904,O,50,730,3,4SDD,-,112
146.8750,146.2750,VK4RAS,-,Carborough Range,Moranbah,-21.920748,148.312728,O,50,450,3,4WCH,-,49
146.8750,146.2750,VK4RBS,-,Alexandra Hills,Redlands,-27.543964,153.23152,O,25,70,3.5,4BAY,-,
146.9000,146.3000,VK4RAI,-,The Knobby,Ipswich,-27.502263,152.591633,O,70,120,4.5,4WIP,-,47
146.9000,146.3000,VK4RGA,-,Kroombit Tops,Central Qld,-24.356626,150.939698,O,83,1010,4,QGL,91.5,44,49
146.9250,146.3250,VK4RHR,-,Hodgson Range,W Central Highlands,-22.692692,148.033559,O,25,520,-,4WCH,-,49
146.9250,146.3250,VK4RRC,-,Wamuran,Redcliffe,-27.036716,152.823105,O,25,230,5,4RC,-,
146.9500,146.3500,VK4RBD,-,Blackdown Tableland,Blackwater,-23.774068,149.116831,O,100,900,-,4WCH,91.5,49
146.9500,146.3500,VK4RBQ,-,Mt Coot-tha,Brisbane 9/15,-27.463175,152.947118,X,120,-,4,4WIG,91.5,48
146.9500,146.3500,VK4RCA,-,Mt Haren,Cairns,-16.836529,145.61219,O,50,500,4,4HM,-,
146.9500,146.3500,VK4REG,-,Mt Mowbullan,Bunya Mtns,-26.888563,151.600764,O,75,1700,5,4JV,91.5,
146.9750,146.3750,VK4RRR,-,Mt Seaview,N Central Highlands,-21.440951,148.710799,O,50,-,3,4WCH,-,49
146.9750,146.3750,VK4RLW,-,O'Briens Mtn,Logan/Bdesert,-27.717924,152.879029,O,25,800,5,4OD,91.5,
147.0000,146.4000,VK4RBN,-,Mt Glorious,Brisbane,-27.315287,152.748013,O,60,-,2,4RC,91.5,94
147.0000,146.4000,VK4RCQ,-,Banana Range,Monto,-24.450308,150.314482,O,-,-,-,4RCQ,-,
147.0000,146.4000,VK4RMK,-,Mt Blackwood,Mackay,-21.031638,148.943342,O,25,320,5,4WIM,-,42
147.0750,147.6750,VK4RAX,-,Mt Cotton,Brisbane South,-27.617259,153.215568,O,50,-,-,4WSS,-,95
147.0750,147.6750,VK4REP,-,Middlemount,Middlemount 1/16,-22.809551,148.674596,T,83,-,-,4WCH,-,95,49
147.1000,147.7000,VK4RBP,-,Butchers Creek,Atherton Tableland 3/18,?,?,U,25,600,4,4FUY,-,95
147.1250,147.7250,VK4RMM,-,Stanthorpe,Stanthorpe 3/18,?,?,U,-,-,-,4BRC,-,95
147.1500,147.7500,VK4RAG,-,Black Mtn,Brisbane WICEN,-26.422383,152.854389,O,80,90,3.5,4BWI,-,95
147.1500,147.7500,VK4RWI,-,portable,Statewide WICEN 6/15,-,-,P,-,-,-,QWN,-,95
147.1750,147.7750,VK4RWM,-,North Ipswich,Ipswich WICEN,-27.590312,152.758288,O,10,-,4,4WIP,-,95
147.2000,145.6000,VK4RBT,-,Wongawallan,Gold Coast,-27.882998,153.259931,O,50,354,3,4WIG,123,114
147.2500,147.8500,VK4RED,-,Dalby,Dalby,-27.210245,151.251976,O,60,-,5,4BAD,-,95
147.2750,147.8750,VK4RNL,-,Hervey Bay,N. Sunshine Coast,-25.270368,152.734623,O,25,90,5,4NL,-,95
147.3750,147.9750,VK4RGA,-,Kroombit Tops,Central Qld,-24.356626,150.939698,O,83,1010,4,QGL,91.5,49,95
147.6250,147.0250,VK4RLB,-,Woodridge,Brisbane South,-27.627411,153.100191,O,25,60,4,4ARN,-,94
147.8000,147.2000,VK4RBG,-,The Hummock,Bundaberg,-24.842477,152.426293,O,20,100,5,4BW,-,94
147.9000,147.3000,VK4RKC,-,Ocean View,Brisbane North,-27.145551,152.820209,O,100,530,5,4KI,-,9,94
147.9500,147.3500,VK4RBR,-,Mt Gravatt,Brisbane,-27.526594,153.091706,O,110,80,-,4WIE,-,94
147.9250,147.3250,VK4RBA,-,Rochedale,Brisbane,-27.553116,153.128853,O,-,-,-,4BA,123,
,,,,,,,,,,,,,,{{2M;FM;VK5}}
146.6250,146.0250,VK5RLZ,-,Elizabeth,Adelaide North,-34.742448,138.649074,O,25,73,4,5LZ,-,
146.6500,146.0500,VK5RNC,Ncte,Naracoorte,Naracoorte,-36.979041,140.77045,O,25,80,3,5RNC,-,51
146.6750,146.0750,VK5RSV,-,Willunga Hill,Adelaide South,-35.27319,138.598021,O,50,320,10,5ARC,91.5,52
146.7000,146.1000,VK5RMN,-,The Bluff,Port Pirie,-33.086404,138.162772,O,55,730,5,STX,-,83
146.7250,146.1250,VK5RBK,-,Mt Barker,Mt Barker,-35.070985,138.921859,O,-,-,-,5YFR,-,
146.7500,146.1500,VK5RAC,-,Pillaworta Hill,Lower Eyre Peninsula,-34.392624,135.954064,O,50,325,4.5,5ZEA,-,
146.7750,146.1750,VK5RAH,-,Lobethal,Adelaide Hills,-34.882778,138.87125,O,50,-,8,5NRV,-,
146.8000,146.2000,VK5REP,-,Coolanie,Eyre Peninsula,-33.605438,136.779823,O,60,500,4,WIA,-,
146.8000,146.2000,VK5RSE,MtGrah,Mt Graham,Millicent,-37.524673,140.446816,O,25,230,3,5SR,-,81
146.8250,146.2250,VK5RBV,-,Mt Kitchener,Barossa Valley,-34.571977,139.005935,O,50,580,3.5,5BRC,-,53
146.8500,146.2500,VK5RHO,-,Anstey Hill,Adelaide,-34.841909,138.74945,O,30,410,3.5,5GRC,-,
146.8750,146.2750,VK5RMB,-,Mt Beevor,Murray Bridge,-34.929104,139.034726,O,80,503,5,5NRV,-,
146.9000,146.3000,VK5RMG,MtgVHF,The Bluff,Mount Gambier,-37.725771,140.570599,O,25,100,5,5SR,-,51
146.9250,146.3250,VK5RLH,-,Bumbunga Hill,Central North,-33.903603,138.130403,O,50,413,3,5CZ,-,
146.9750,146.3750,VK5RAE,-,Mt Arden,Port Augusta,-32.151913,137.978806,O,25,845,3,5AJ,-,
147.0000,146.4000,VK5RAD,-,Crafers,Adelaide,-34.998452,138.698773,O,30,610,3.5,5BAR,-,
147.2000,147.8000,VK5RBP,-,portable,Statewide (Scouts) 6/15,-,-,P,50,-,3,5BP,-,
147.3000,147.9000,VK5RWI,-,portable,Statewide WICEN,-,-,O,-,-,-,SWN,-,
147.3250,147.9250,VK5RLD,-,Moorook,Riverland,-34.25,140.333324,O,25,86,5,5BRL,-,
147.3500,147.9500,VK5RBT,-,Willalooka,Bordertown - Keith,-36.416027,140.459673,O,50,125,3,5SR,-,51
147.3750,147.9750,VK5RKN,Kingst,Mt Benson,Kingston,-37.03279,139.811486,O,25,25,3,5SR,-,51
29.6200,147.6750,VK5RSC,-,Mt Terrible,Adelaide,-35.331101,138.501776,O,40,410,3,5ARC,141.3,7
147.6750,29.6200,VK5RSC,-,Mt Terrible,Adelaide,-35.331101,138.501776,O,40,410,3,5ARC,141.3,7
,,,,,,,,,,,,,,{{2M;FM;VK6}}
146.6250,146.0250,VK6RNC,PerNth,Landsdale,Perth North,-31.809094,115.878426,O,50,100,4,6NC,-,
146.6250,146.0250,VK6RTP,TomPrc,Tom Price,Tom Price,-22.719237,117.761163,O,50,1128,5,6DF,-,
146.6500,146.0500,VK6RBY,Bunbry,Harvey,Bunbury,-33.10002,115.926023,O,25,20,5,6BRC,-,
146.6750,146.0750,VK6RNR,NthHmp,Northampton,Northampton,-28.236605,114.65076,O,25,-,-,WGE,-,
146.7000,146.1000,VK6RAP,PerSE1,Roleystone,Perth South East,-32.100052,116.05155,O,40,360,4,WRG,-,11
146.7000,146.1000,VK6RWR,WickHm,Wickham,North West,-20.673718,117.130926,O,20,80,-,WNW,-,
146.7500,146.1500,VK6RLM,PerSE2,Roleystone,Perth South East,-32.101613,116.049202,O,20,350,4,WRG,-,54
146.7750,146.1750,VK6ROO,Geldtn,Geraldton,Geraldton,-28.776359,114.601483,O,50,-,-,WGE,-,
146.8000,146.2000,VK6RTH,PerNE,Tic Hill,Perth North East,-31.825768,116.063938,O,60,230,4,WRG,-,19
146.8250,146.2250,VK6RAA,MtBark,Mt Barker,South Coast 6/15,-34.655747,117.647055,X,25,450,5,6SR,-,
146.8500,146.2500,VK6REX,Exmoth,Exmouth,North West,-21.782254,114.150467,O,20,385,3,WNW,-,
146.8750,146.2750,VK6RIC,-,portable,Statewide WICEN,-,-,O,-,-,-,WWN,-,
146.9000,146.3000,VK6RMW,MtWilm,Mt William,Mandurah,-32.937985,116.023875,O,20,520,4,WRG,-,
146.9500,146.3500,VK6RFM,Freo,Bicton,Fremantle,-32.026706,115.787606,O,10,65,3,WRG,-,
146.9750,146.3750,VK6RSH,-,portable,Statewide,-,-,O,10,-,5,6SH,-,
147.0000,146.4000,VK6RAW,Katnng,Fairfield,Katanning,-33.793985,117.521598,O,25,400,5,WRG,-,54
147.0000,146.4000,VK6RAK,Kal,Kalgoorlie,Kalgoorlie,-30.81675,121.460216,O,20,400,5,6RM,-,
147.0000,146.4000,VK6RGN,Grldtn,Geraldton,Geraldton,-28.682937,114.677445,O,16,30,5,WGE,-,
147.0250,147.6250,VK6RPT,-,portable,Statewide,-,-,O,-,-,-,WRG,-,88
147.0750,147.6750,VK6ROT,Rotto,Rottnest Is,Perth Coast 6/15,-32.000023,115.524824,X,50,55,5,6MHZ,-,19
147.1500,147.7500,VK6RMJ,Manji,Manjimup,Manjimup,-34.220367,115.985338,O,25,150,5,6FN,-,
147.1750,147.7750,VK6REC,Avon C,Wooroloo,Avon Central,-31.792869,116.362398,O,25,300,3,6PK,-,
147.2000,147.8000,VK6RCT,Cataby,Yandan Hill,Cataby,-30.758363,115.598169,O,50,200,4,WRG,-,19
147.2500,147.8500,VK6RMS,MtSdbk,Mt Saddleback,Boddington,-32.964855,116.450861,O,20,590,4,WRG,-,11,54
147.2750,147.8750,VK6RAV,-,Hoddy Well,Avon East,-31.631042,116.488988,O,20,80,3,WRG,-,54
147.3250,147.9250,VK6RKN,Keller,Kellerberrin,Kellerberrin,-31.62278,117.709847,O,25,-,5,WRG,-,54
147.3500,147.9500,VK6RBN,Busltn,Chapman Hill,Busselton,-33.81447,115.370163,O,30,130,5,WRG,-,11
,,,,,,,,,,,,,,{{2M;FM;VK7}}
146.6250,146.0250,VK7RMD,-,Mt Duncan,NW Tasmania 3/17,-41.194584,146.035604,X,30,600,5,7NW,-,
146.6500,146.0500,VK7RAF,-,Mt Faulkner,Hobart,-42.792233,147.19151,O,50,900,3,7OB,123,60
146.7000,146.1000,VK7RAD,-,Queens Domain,Hobart,-42.846518,147.310387,O,100,140,3,7OTC,141.3,61
146.7250,146.1250,VK7RVP,-,St Valentines Peak,NW Tasmania,-41.356588,145.755707,O,40,1115,3,7DB,91.5,
146.7500,146.1500,VK7RNW,-,Ulverstone West,Central North Coast,-41.125996,146.120952,O,30,160,5,7NW,-,
146.7750,146.1750,VK7RTV,-,Stowport,Central NW Coast,-41.125805,145.907809,O,70,155,5,TNA,-,
146.8000,146.2000,VK7RAK,-,Gagebrook,NW Hobart,-42.740275,147.266427,O,-,-,-,7HDM,-,
146.8500,146.2500,VK7RHT,-,Snug Tiers,Channel,-43.092652,147.209459,O,100,370,40,7OTC,-,61
146.9000,146.3000,VK7REC,-,Snow Hill,East Coast 6/15,-41.915819,147.835645,X,30,970,-,7TAZ,-,
147.0000,146.4000,VK7RAA,-,Mt Arthur,N Tasmania,-41.274031,147.283039,O,100,1400,5,7TAZ,-,59
147.0750,147.6750,VK7RWC,-,Mt Read,West Coast,-41.844206,145.541521,O,25,1200,3,7RWC,123,59
147.3000,147.3000,VK7RBI,-,Alonnah,SE Tasmania 10/17,?,?,U,-,-,3,7OTC,114.8,61
147.3750,147.9750,VK7RAC,-,Table Cape,NW Tasmania,-40.952269,145.720715,O,40,150,3,7DC,-,
147.8750,146.0750,VK7RCR,-,Lenah Valley,Hobart 6/15,-42.86165,147.277901,X,20,220,2,7ZCR,123,96
147.9750,147.3750,VK7RAD,-,Queens Domain,Hobart,-42.846518,147.310387,O,100,140,40,7OTC,141.3,62
,,,,,,,,,,,,,,{{2M;FM;VK8}}
146.8000,146.2000,VK8RWI,-,Marrara,Darwin WICEN 6/15,?,?,U,100,77,4,8DA,123,
146.9000,146.3000,VK8RDA,-,Darwin,Darwin,-12.480794,130.984368,O,50,86,4,8DA,123,
146.9500,146.3500,VK8RCA,ASpr2,West Gap,Alice Springs,-23.722205,133.856578,O,25,776,3,8AR,91.5,
146.9500,146.3500,VK8RPD,-,Moil,Darwin N suburbs,-12.386367,130.884844,O,50,72,4,8DA,123,
147.0000,146.4000,VK8RTE,-,Larrakeyah,Darwin City,-12.455984,130.833233,O,50,59,4,8DA,123,
,,,,,,,,,,,,,,{{70CM;FM;VK2}}
438.0250,433.0250,VK2RHR,HRange,High Range,Southern Highlands,-34.370997,150.335746,O,75,827,2,2JQ,-,
438.0250,433.0250,VK2RNC,SgarL,Mt Sugarloaf,Lower Hunter,-32.890196,151.538894,O,25,442,5,2AWX,-,
438.0250,433.0250,VK2RTW,-,Willans Hill,Wagga 6/17,-35.132724,147.372242,X,25,372,3,2WG,91.5,25
438.0500,433.0500,VK1RGI,Ginini,Mt Ginini,ACT - SE NSW,-35.529552,148.772605,O,150,1770,3.5,1ACA,91.5,67
438.0750,433.0750,VK2RAG,Someb,Somersby,Gosford - Wyong IRLP,-33.360078,151.291215,O,50,320,3,2EH,91.5,31
438.0750,433.0750,VK2RMY,YarahP,Mt Yarrahapinni,Kempsey - Macksville,-30.813912,152.91949,O,50,500,3,2EP,-,
438.1000,433.1000,VK2RRW,-,North Ryde,Northern Sydney WICEN,-33.712825,151.028778,O,-,-,-,NWN,-,
438.1125,432.7125,VK2RBV,-,Sydney,Sydney,-33.864292,151.211542,O,25,200,3,2BV,91.5,
438.1250,433.1250,VK2RHK,-,Wyee,Lake Macquarie,-33.182736,151.493878,O,-,-,-,2HK,-,
438.1250,433.1250,VK2RMU,NowraH,Nowra Hill,Milton - Ulladulla,-34.935597,150.566994,O,50,330,3,2HQ,91.5,
438.1750,433.1750,VK2RMB,THills,Terrey Hills,Sydney,-33.692994,151.222079,O,5,150,3,2MB,91.5,1,82
438.2250,433.2250,VK2RPW,-,Grundy Mtn,Walcha,-31.326537,151.655979,O,50,1463,3,NWR,-,
438.2750,432.8750,VK2RWS,-,Berowra North,Sydney,-33.620876,151.146926,O,-,-,-,NWN,91.5,80
438.3000,433.3000,VK2RIW,-,Kiama,Kiama WICEN,-34.697608,150.791389,O,-,-,-,NWN,-,
438.3250,433.3250,VK2REE,-,Mt Ganghat,Taree-Gloucester,-31.922071,152.18174,O,50,600,5.0,2FRE,-,106
438.3250,433.3250,VK2RGN,MtGray,Mt Gray,Goulburn,-34.758567,149.763092,O,10,-,3.5,2JQ,-,67
438.3250,433.3250,VK2RWM,Warrad,Mt Warraderry,Grenfell 12/17,-33.835834,148.137425,X,25,575,3,2XAQ,-,
438.3500,432.9500,VK2RHT,Chats,Chatswood,Sydney,-33.79773,151.179197,O,-,140,-,2MA,91.5,32,96
438.3750,433.3750,VK2RBM,Lawsn1,Lawson,Blue Mtns,-33.719433,150.431585,O,25,700,4,2HZ,123,
438.4250,433.4250,VK2RCN,TelePt,Telegraph Point,Port Macquarie,-31.303962,152.774113,O,25,138,3,2BOR,123,
438.4250,433.4250,VK2RLE,HCote,Engadine,Sydney,-34.040329,151.036165,O,50,110,3,2LE,-,
438.4500,433.4500,VK2RCF,-,Carlingford,Sydney,-33.775653,151.052787,O,-,-,-,NME,91.5,
438.4500,433.4500,VK2RLJ,Prishr,Back Perisher Mtn,Jindabyne 6/17,-36.400004,148.39187,P,10,2010,3,2SNO,-,
438.4750,433.4750,VK2RAB,MtCraw,Mt Crawney,Tamworth/Muswellbrook,-31.587699,150.992083,O,50,1401,3,NWR,-,
438.4750,433.4750,VK2RRS,-,Lewisham,Sydney North 6/15,-33.894531,151.145352,X,100,65,5,2TVG,-,
438.5250,433.5250,VK2RPM,MdlBro,Middle Brother,Port Macquarie,-31.701304,152.678285,O,10,552,3,2BOR,123,
438.5250,433.5250,VK2RWI,Dural,Dural,Sydney,-33.698742,151.055463,O,25,240,3.5,2WI,-,
438.5500,433.5500,VK2RHC,-,Hurstville,Sydney,-33.96426,151.09395,O,-,-,-,NME,91.5,
438.5750,433.5750,VK2RAY,Albury,Hume Weir,Albury 6/15,-36.10083,147.035272,P,-,-,-,2EWC,-,
438.5750,433.5750,VK2RNW,Kaput,Mt Kaputar,Narrabri - NW NSW,-30.278821,150.152139,O,50,1550,3,2AJ,-,
438.5750,433.5750,VK2ROT,Paddo,Paddington,Sydney,-33.886561,151.229112,O,50,90,3,2BV,91.5,23
438.6000,433.6000,VK2RWI,Dural1,Dural,Sydney 6/15,-33.698742,151.055463,X,20,240,3,2WI,-,
438.6250,433.6250,VK2RUM,-,Merewether,Newcastle,-32.95177,151.748091,O,5,50,3,2FA,-,
438.6250,433.6250,VK2RGN,-,Goulburn,Goulburn,-34.756348,149.688344,O,-,-,-,2JQ,-,
438.6500,433.6500,VK2RAD,SHill,South Hill,Armidale,-30.544277,151.651755,O,10,1140,3,2IY,-,
438.6500,431.6500,VK2RFG,GHills,Gregory Hills,Campbelltown,-34.04252,150.784785,O,50,222,3,2FFG,91.5,
438.6750,433.6750,VK2RNC,SgarL1,Mt Sugarloaf,Lower Hunter,-32.890196,151.538894,O,80,442,5,2AWX,-,
438.6750,433.6750,VK2RPL,Nardi,Mt Nardi,Lismore,-28.542669,153.290154,O,50,850,3,2SRC,123,
438.7250,433.7250,VK2RAO,Cbolas,Mt Canobolas,Orange area,-33.341852,148.982967,O,50,1417,-,2AOA,-,
438.7250,433.7250,VK2RMP,Maddns,Maddens Plains,Wollongong - Sydney,-34.263384,150.954594,O,50,465,4,2AMW,123,16
439.2750,434.2750,VK2RAI,-,Booral,Booral/Stroud,-32.505285,151.971689,O,-,-,-,2RA,-,
439.3000,434.3000,VK2RTG,-,Kariong,Gosford RTTY/SSTV 6/15,-33.439521,151.297295,T,10,220,10,2EH,-,23
439.3000,434.3000,VK2RCW,Lindsy,Mt Lindsay,Orange,-33.27946,149.123207,O,50,950,3,2ACW,-,
439.3250,434.3250,VK2RSV,-,Sans Souci,Sydney South EchoLink,-34.005138,151.130597,O,25,25,-,2CL,91.5,64
439.3750,434.3750,VK2RSH,-,Alpine,Mittagong,-34.408146,150.517692,O,-,-,-,2JQ,-,
439.4250,434.4250,VK2RCZ,Lalor,Lalor Park,West Sydney 6/15,-33.747338,150.833553,P,20,150,3,2CRZ,-,
439.4750,434.4750,VK2RGW,-,Glenwood,West Sydney 6/15,-33.747825,150.948529,P,50,175,3,2AO,-,
439.5250,434.5250,VK2RAG,Someb1,Somersby,Gosford - Wyong WICEN,-33.360078,151.291215,O,50,320,3,2EH,91.5,31
439.5250,434.5250,VK2RAV,-,portable,Statewide WICEN,-,-,O,10,-,-,NWN,-,
439.5750,434.5750,VK2RMR,-,Mt Riverview,Blue Mtns,-33.730786,150.630477,O,20,360,9,2THE,123,
439.6000,434.6000,VK2RRR,Razor,Razorback,SW Sydney,-34.138944,150.664926,O,-,-,-,2VVV,91.5,
439.6250,434.6250,VK2RFI,-,portable,Hunter region WICEN,-,-,O,25,-,-,NWN,-,
439.6250,434.6250,VK2RWH,Nwcsle,Newcastle,Lower Hunter WICEN,-32.917428,151.515456,O,-,-,-,NWN,-,
439.6500,434.6500,VK2RWB,GwynH,Gwynne Hill,Yarrawonga WICEN,-35.912473,145.884426,O,80,250,5,NWN,123,19
439.7000,434.7000,VK2ROJ,-,Bolwarra Heights,Lower Hunter,-32.699925,151.595172,O,-,-,-,2AOJ,91.5,
439.7250,434.7250,VK2RAG,Someb2,Somersby,Gosford - Wyong,-33.360078,151.291215,O,25,320,3,2EH,91.5,71
439.7500,434.7500,VK2RHP,-,Horsley Park,Sydney,-33.861548,150.854947,O,-,-,-,NME,-,
439.7750,434.7750,VK2RSW,-,Blaxland,Lower Blue Mtns,-33.750301,150.633524,O,-,-,-,2NAB,-,
439.8000,434.8000,VK2RCG,-,Sydney,Sydney City,-33.864292,151.211542,O,-,-,-,NME,91.5,
439.8000,434.8000,VK2RTW,-,Wagga Wagga,Wagga Wagga 6/17,-35.132724,147.372242,X,-,-,-,2WG,91.5,
439.8250,434.8250,VK2RWK,KurraJ,Kurrajong,NW Sydney,-33.523583,150.62693,O,-,-,-,NWN,91.5,80
439.8500,434.8500,VK2RLH,-,Newbridge,Bathurst 6/17,-33.554857,149.359776,X,-,-,-,2NX,-,
439.8500,434.8500,VK2RNG,Werri,Werrington,Western Sydney,-33.765599,150.740681,O,-,-,-,2THE,-,
439.8750,434.8750,VK2RAH,-,portable,Statewide WICEN,-,-,O,-,-,-,NWN,-,
439.9000,434.9000,VK2RBK,NomTop,Noumea Tops,Bingara/Barraba 6/17,-30.056695,150.52417,X,25,720,-,2DK,-,
439.9000,434.9000,VK2RWI,Dural2,Dural,Sydney 6/15,-33.698742,151.055463,P,25,240,-,2WI,-,
439.9000,434.9000,VK2RWP,WolumP,Wolumla Peak,Bega,-36.864455,149.728115,O,-,-,-,2CRN,-,
439.9250,434.9250,VK1RWP,-,portable,VK1 WICEN,-,-,O,20,-,-,1ACA,-,
439.9250,434.9250,VK2RAF,-,portable,Statewide WICEN,-,-,O,10,-,-,NWN,-,
439.9250,434.9250,VK2RON,-,Artarmon,Sydney metro,-33.805346,151.181412,O,15,200,1,2GO,-,
439.9500,434.9500,VK1RBM,Issacs,Isaacs Ridge,Canberra Central,-35.364585,149.11875,O,25,790,3,1ACA,91.5,65
439.9500,434.9500,VK2RAG,Someb3,Somersby,Central Coast,-33.360078,151.291215,O,-,313,3,2EH,91.5,
439.9500,434.9500,VK2RDD,-,Burroway Hill,Dubbo,-32.154911,148.556712,O,25,300,-,2UBQ,-,
439.9500,434.9500,VK2RGN,MtGray,Mt Gray,Goulburn,-34.758567,149.763092,O,20,-,3,2JQ,-,
439.9500,434.9500,VK2RSC,Lismor,Parrots Nest,Lismore,-28.857063,153.228511,O,30,185,3,2SRC,123,66
439.9750,434.9750,VK1RWP,-,portable,VK1 WICEN,-,-,O,20,-,-,1ACA,-,
439.9750,434.9750,VK2RNS,Asqith,Hornsby,Northern Sydney 11/15,-33.689879,151.100677,P,50,225,3.5,2MA,-,
,,,,,,,,,,,,,,{{70CM;FM;VK3}}
438.0250,433.0250,VK3RBO,-,Specimen Hill,Bendigo,-36.76632,144.244345,O,50,335,-,3WI,-,
438.0250,433.0250,VK3RCC,-,Melbourne,Melbourne City,-37.813822,144.969482,O,160,120,-,3BKR,91.5,76
438.0250,433.0250,VK3RCP,-,Ouyen,Ouyen,-35.069532,142.311608,O,-,-,-,3WI,-,
438.0250,433.0250,VK3REG,MntCan,Mt Cann,East Gippsland 6/15,-37.646728,148.978698,X,40,-,2.5,3EGC,-,36
438.0750,433.0750,VK3RDU,Major,Mt Major,Goulburn Valley,-36.36159,145.694467,O,-,377,-,3WI,-,
438.1250,433.1250,VK3RLE,-,Paps,Mansfield,-37.043399,145.98481,O,50,678,-,3JFK,-,68
438.1500,433.1500,VK3RIR,-,Bendigo,Bendigo 6/15,-38.354463,144.953894,T,100,240,3.5,3JED,91.5,
438.1750,431.1750,VK3RBH,-,Geelong,Geelong CBD,-38.152056,144.365668,O,25,30,3,3WI,91.5,6
438.1750,433.1750,VK3RUG,-,Devil's River,Alexandra - Lake Eildon,-37.209266,145.841609,O,100,650,2.5,3JFK,-,68
438.1875,432.7875,VK3RCD,-,Kinglake,Melbourne,-37.515708,145.316285,O,-,600,-,3HF,-,103
438.2250,433.2250,VK3RMS,Olind2,Olinda,Melbourne,-37.853928,145.36636,O,100,600,2.5,3WI,91.5,
438.2750,433.2750,VK3RPW,-,portable,Statewide WICEN,-,-,O,-,-,-,VWN,-,
438.2750,433.2750,VK3RWE,-,portable,Statewide WICEN,-,-,O,-,-,-,VWN,-,
438.2750,433.2750,VK3RWI,-,portable,Statewide WICEN,-,-,O,-,-,-,VWN,-,
438.2750,433.2750,VK3RWR,-,portable,Statewide WICEN,-,-,O,-,-,-,VWN,-,
438.3250,433.3250,VK3RMH,WatlGn,Wattle Glen,Melbourne 6/15,-37.681545,145.195462,X,40,120,3,3CNE,-,
438.3500,433.3500,VK3RBN,-,Burrumbeet,Ballarat 10/17,?,?,U,25,389,2.5,3UBO,91.5,
438.3500,433.3500,VK3RCU,-,Mt Moliagul,Bendigo,-36.723195,143.646951,O,25,527,3,3WI,91.5,6
438.3750,433.3750,VK3RGS,-,Mt Fatigue,Foster,-38.569862,146.306918,O,-,-,-,3WI,-,
438.3750,433.3750,VK3RHO,Hotham,Mt Hotham,NE Victoria,-36.974128,147.139385,O,-,-,-,3WI,-,
438.3750,433.3750,VK3RLV,Tassie,Mt Tassie,Latrobe Valley,-38.393572,146.55926,O,-,730,-,3WI,-,
438.3750,433.3750,VK3RWG,BawSq,Mt Baw Baw,West Gippsland,-37.838335,146.274831,O,20,1563,2.5,3WI,-,
438.4000,433.4000,VK3RFY,Hillsd,Hillside,Melb EchoL/IRLP,-37.694622,144.728557,O,100,100,3,3HF,91.5,38
438.4250,433.4250,VK3RCU,-,Mt Moliagul,Bendigo,-36.723195,143.646951,O,-,527,-,3WI,-,
438.4500,433.4500,VK3RBW,-,Mt Gisborne,Melbourne West,-37.520178,144.58707,O,150,650,3,3FSK,91.5,103
438.4750,433.4750,VK3RBU,-,Mt Hollowback,Ballarat,-37.440051,143.815479,O,40,-,2.5,3WI,91.5,
438.5000,433.5000,VK3RGW,-,Grovedale,Geelong West,-38.172568,144.29696,O,100,148,3,3HF,91.5,103
438.5250,431.5250,VK3RAD,-,Mitcham,Melbourne,-37.820773,145.188383,O,50,100,2.5,3WI,123,6
438.5250,433.5250,VK3RNU,-,Mt Stanley,Wangaratta,-36.444595,146.802919,O,60,1051,2.5,3WI,-,
438.5250,433.5250,VK3RRU,-,Merbein,Mildura,-34.168332,142.07905,O,20,-,2.5,3RSG,-,5
438.5750,433.5750,VK3RWD,-,Seaview,West Gippsland,-38.26304,145.998709,O,50,410,2,3BJA,91.5,
438.6000,431.6000,VK3RWO,-,Bald Hill,West Wodonga,-36.103698,146.790444,O,50,-,-,NEV,123,
438.6250,433.6250,VK3RPW,-,portable,Statewide WICEN,-,-,O,-,-,-,VWN,-,
438.6250,433.6250,VK3RWE,-,portable,Statewide,-,-,O,-,-,-,VWN,-,
438.6250,433.6250,VK3RWI,-,portable,Statewide WICEN,-,-,O,5,-,-,VWN,-,
438.6250,433.6250,VK3RWP,-,portable,Statewide,-,-,O,-,-,-,VWN,-,
438.6250,433.6250,VK3RWR,-,portable,Statewide WICEN,-,-,O,-,-,-,VWN,-,
438.6500,431.6500,VK3RGV,Wombat,Mt Wombat,NE Victoria,-36.849308,145.67307,O,-,800,-,3WI,123,
438.6750,433.6750,VK3RWU,-,Mt William,Grampians,-37.294985,142.603725,O,100,1170,3,3WI,91.5,6
438.7000,433.7000,VK3RBM,-,Bacchus Marsh,Bacchus Marsh 11/16,-37.643898,144.416653,P,100,500,3,3HF,91.5,103
438.7500,433.7500,VK3RHF,-,Olinda,Melbourne,-37.857864,145.364227,O,50,600,3,3UJ,88.5,8
438.8750,431.8750,VK3RHF,-,Mt Macedon,Melbourne,-37.374733,144.578414,O,50,990,3,3UJ,88.5,8
439.2750,434.2750,VK3RBA,Bunyng,Mt Buninyong,Ballarat,-37.65293,143.926465,O,50,750,3,3WI,91.5,6
439.3000,434.3000,VK3RYV,Briart,Briarty Hill,Yarra Valley,-37.730985,145.476243,O,-,-,-,3YVG,-,
439.3250,434.3250,VK3RGH,GreenH,Green Hill,Macedon R & Melb 11/16,-37.186272,144.425745,P,100,600,3,3HF,91.5,103
439.3500,434.3500,VK3RMP,Caveat,Caveat,North Central 8/17,-37.06943,145.500901,T,100,670,3,VSA,91.5,102
439.3750,434.3750,VK3RMC,-,Berwick,Berwick,-38.001189,145.328134,O,25,-,-,3APC,-,
439.4250,434.4250,VK3RNE,BigBen,Mt Big Ben,Wodonga,-36.406294,146.940976,O,-,1158,-,3WI,-,
439.4250,434.4250,VK3RSV,-,Noble Park,Melbourne EchoLink,-37.967779,145.188612,O,200,90,4,2CL,91.5,64
439.4500,434.4500,VK3RMN,KLake,Kinglake,Melbourne,-37.515708,145.316285,O,80,600,-,VWN,91.5,39
439.4750,434.4750,VK3RLP,Cborn,Cranbourne,Mornington Peninsula,-38.113722,145.280059,O,25,71,3.5,3BJA,91.5,
439.5000,434.5000,VK3RGL,Anakie,Mt Anakie,Geelong,-37.886427,144.269036,O,45,400,3,3ATL,91.5,
439.5250,434.5250,VK3RPT,-,Pretty Sally,Kilmore,-37.38095,144.965576,O,100,515,3,3HF,91.5,103
439.5250,434.5250,VK3RTU,MntTay,Mt Taylor,Bairnsdale,-37.705615,147.560807,O,60,476,2.5,3EGC,-,
439.5500,434.5500,VK3RSB,-,Mt St Leonard,Melbourne,-37.567537,145.52555,O,100,1028,3,VSA,91.5,102
439.5750,434.5750,VK3RGC,MoPell,Montpellier,Geelong,-38.157168,144.313919,O,45,160,3,3ATL,91.5,
439.6000,434.6000,VK3RDX,-,Mt Waverley,Melbourne,-37.874466,145.138124,O,100,132,3,3HF,91.5,103
439.6250,434.6250,VK3RBY,-,Bayswater,Melbourne,-37.840432,145.263938,O,80,-,2,3MY,88.5,
439.6500,434.6500,VK3RSA,-,Emerald,Melbourne,-37.932578,145.444156,O,100,370,3,VSA,91.5,102
439.6750,434.6750,VK3RZU,-,Mt Buller,Mansfield 6/15,-37.146425,146.43441,T,-,1800,-,3WI,-,
439.7000,434.7000,VK3RBP,-,Horsham,Wimmera,-36.716182,142.198367,O,25,135,-,3III,91.5,
439.7000,434.7000,VK3RRC,RdlsCk,Riddells Creek,Riddells Creek 8/17,-37.447981,144.66484,P,40,-,-,VSA,91.5,102
439.7250,434.7250,VK3RPS,Cotrel,Mt Cottrell,Melbourne West,-37.763158,144.621872,O,200,217,3,3HF,91.5,
439.7500,434.7500,VK3RAJ,Upwey,Upwey,Melbourne SE,-37.90393,145.317257,O,50,270,3,3AJ,91.5,102
439.8000,434.8000,VK3RMU,StLeo,Mt St Leonard,Melbourne,-37.567537,145.52555,O,200,1028,2.5,3WI,-,
439.8250,434.8250,VK3RBL,-,Bambill South,NW Victoria,-34.472579,141.508093,O,-,-,-,3WI,-,
439.8250,434.8250,VK3RMM,Macdon,Mt Macedon,Melbourne WICEN 5/16,-37.383441,144.57678,X,100,1011,3,3WI,91.5,
439.8500,434.8500,VK3RPU,-,Arthur's Seat,Melbourne,-38.356043,144.951503,O,40,-,2.5,3WI,91.5,
439.8750,434.8750,VK3RDU,Major,Mt Major,Goulburn Valley,-36.36159,145.694467,O,40,377,2.5,3WI,-,
439.8750,434.8750,VK3RMC,-,Narre Warren North,Melbourne SE,-38.001189,145.328134,O,25,-,-,3APC,-,
439.8750,434.8750,VK3RWL,Warnum,Mt Warrnambool,Warrnambool,-38.304936,142.737853,O,40,-,0.5,3WI,-,
439.9000,434.9000,VK3RSE,-,Glen Waverley,Melbourne,-37.890655,145.173481,O,100,-,2,3NH,-,
439.9250,434.9250,VK3RWP,-,portable,Statewide WICEN,-,-,O,-,-,-,VWN,-,
439.9500,434.9500,VK3RMG,-,Mt Broughton,Yea - Seymour,-37.120472,145.412989,O,30,650,3,3JFK,-,68
439.9500,434.9500,VK3RPL,Portld,Portland,Portland,-38.387794,141.631864,O,200,100,3,3AJ,91.5,100,101
439.9500,434.9500,VK3RYN,-,Yallourn North,Latrobe Valley 8/17,-38.153547,146.406513,T,40,112,3,3AJ,91.5,102
439.9750,434.9750,VK3RSS,-,portable,Statewide,-,-,O,-,-,-,VSA,-,40
439.9750,434.9750,VK3RWP,-,portable,Statewide,-,-,O,-,-,-,VWN,-,
,,,,,,,,,,,,,,{{70CM;FM;VK4}}
438.0250,433.0250,VK4RTQ,-,Mt Kynoch,Toowoomba,-27.506166,151.955865,O,50,500,3.5,4JV,91.5,
438.0500,433.0500,VK4RGT,-,Maurice Hill,Gladstone City,-23.935977,151.242554,O,83,212,2,QGL,-,
438.0500,433.0500,VK4RZD,-,Mt Perseverance,Ipswich to T'mba Range,-27.413366,152.161336,O,100,700,1,4BWI,91.5,70
438.0750,433.0750,VK4RSC,-,Wilkes Knob,Sunshine Coast,-26.778175,152.912493,O,20,450,-,4WIS,91.5,
438.1000,433.1000,VK4RZA,-,Springbrook,Gold Coast,-28.232629,153.290351,O,-,940,1,4BWI,91.5,70
438.1250,433.1250,VK4RZC,-,Wilkes Knob,Maleny,-26.778944,152.91545,O,-,470,1,4BWI,91.5,70
438.1750,433.1750,VK4RSL,-,Noosa Heads,Sunshine Coast North,-26.389268,153.097528,O,25,100,4.5,4WIS,91.5,
438.2000,433.2000,VK4RZB,-,Mt Coot-tha,Brisbane,-27.479744,152.954043,O,100,560,1,4BWI,91.5,70
438.2250,433.2250,VK4RAT,-,Mt Stuart,Townsville,-19.343838,146.780685,O,10,584,10,4WIT,91.5,
438.2250,433.2250,VK4RAR,-,Mt Archer,Rockhampton,-23.338948,150.578041,O,25,608,4,4WIR,91.5,49
438.2250,432.8250,VK4RPH,-,Mt Haren,Kuranda,-16.836529,145.61219,O,50,250,-,4BS,123,
438.2750,433.2750,VK4RBR,-,Mt Gravatt,Brisbane,-27.526594,153.091706,O,110,80,-,4WIE,-,
438.3250,433.3250,VK4RRC,-,Wamuran,Redcliffe,-27.036716,152.823105,O,25,230,4.5,4RC,91.5,
438.3750,433.3750,VK4RWM,-,North Ipswich,Ipswich,-27.590312,152.758288,O,70,120,4.5,4WIP,91.5,47
438.4250,433.4250,VK4RBX,-,The Knobby,Ipswich,-27.502263,152.591633,O,70,120,4.5,4AB,123,72
438.5000,433.5000,VK4RHR,-,Hodgson Range,Clermont,-22.692692,148.033559,O,50,520,-,4WCH,-,
438.5000,433.5000,VK4RLW,-,O'Briens Mtn,Logan/Bdesert,-27.717924,152.879029,O,25,315,10,4OD,91.5,
438.5750,433.5750,VK4RSS,-,Ocean View,Brisbane North,-27.133695,152.829395,O,25,530,5,4RV,91.5,34
438.6000,433.6000,VK4RGC,-,Springbrook,Gold Coast 12/17,-28.231694,153.266325,X,150,1010,4,4WIG,91.5,84
438.6250,433.6250,VK4RAG,-,Black Mtn,Brisbane WICEN,-26.422383,152.854389,O,20,90,-,4BWI,-,
438.6250,433.6250,VK4RWI,-,portable,Statewide WICEN,-,-,O,-,-,-,QWN,-,
438.6500,433.6500,VK4REG,-,Mt Mowbullan,Bunya Mtns,-26.888563,151.600764,O,100,1700,5,4JV,91.5,
438.6750,433.6750,VK4RWS,-,Nebo,Mackay,-21.600646,148.967883,O,-,-,-,4DW,91.5,
438.7000,433.7000,VK4RET,-,Mt Kiangarow,S Burnet & D/Downs,-26.830664,151.548911,O,12,1145,5,4BAD,91.5,
438.7500,433.7500,VK4RLB,-,Woodridge,Logan,-27.627411,153.100191,O,25,60,4,4ARN,-,3
438.7500,433.7500,VK4RPU,-,Mt Perry,Monto,-25.191485,151.688007,O,-,-,-,4PU,-,
438.7750,433.7750,VK4RBU,MtGoon,Mt Goonaneman,Bundaberg/Maryborough,-25.433093,152.122131,O,10,620,4,4BW,-,58
439.2750,434.2750,VK4RDD,-,O'Rourke's House,Toowoomba,-27.691258,151.991884,O,35,702,4,4WID,91.5,
439.3000,434.3000,VK4RBM,-,Blue Mtn,Mackay 6/15,-21.600646,148.967883,T,25,-,-,4WIM,-,42
439.3000,434.3000,VK4RBQ,-,Mt Coot-Tha,Brisbane 9/15,-27.463175,152.947118,X,-,-,-,4WIG,-,
439.3000,434.3000,VK4RSM,-,Spring Mtn,Springfield,-27.717924,152.879029,O,25,-,-,4AB,91.5,47
439.3250,434.3250,VK4RAI,-,The Knobby,Ipswich,-27.502263,152.591633,O,-,-,4,4WIP,91.5,49
439.3750,434.3750,VK4RNL,-,Hervey Bay,N. Sunshine Coast 6/15,-25.270368,152.734623,P,25,90,5,4NL,-,
439.6250,434.6250,VK4RSA,-,Sarina,Mackay,-21.497521,149.16955,O,25,400,4,4RM,-,49
439.7250,434.7250,VK4RBS,-,Alexandra Hills,Redlands,-27.543964,153.23152,O,25,70,3.5,4BAY,91.5,
439.7500,434.7500,VK4RMA,-,Mt Alma,Gladstone/Rockhampton,-23.959662,150.804856,O,50,90,3,4WIR,91.5,
439.7750,434.7750,VK4RBW,BundaN,Watalgan,N Bundaberg,-24.701339,151.962052,O,50,-,4,4BW,-,
439.7750,434.7750,VK4RBP,-,Butchers Creek,Atherton Tableland 3/18,?,?,U,25,600,4,4FUY,-,
439.8000,434.8000,VK4RGL,-,Lady Larcom,Gladstone,-23.804344,151.125244,O,150,330,2.5,4HN,91.5,63
439.8250,434.8250,VK4RBT,-,Wongawallan,Gold Coast,-27.882998,153.259931,O,50,354,3,4WIG,123,94
439.8500,434.8500,VK4RCA,-,Cairns,Cairns,-16.915508,145.775036,O,50,50,4,4HM,-,
439.8750,434.8750,VK4RCQ,-,Banana Range,Monto,-24.450308,150.314482,O,-,-,-,4RCQ,-,
439.8750,434.8750,VK4RLU,-,Mt Dunsinane,Logan,-27.926477,153.040439,O,30,400,4,4BAB,91.5,
439.9000,434.9000,VK4RBK,-,Tolga,Atherton Tableland,-17.222963,145.447263,O,-,937,4,4WAT,-,
439.9000,434.9000,VK4RXZ,-,Maleny,Maleny 2/16,-26.797246,152.799795,X,50,500,4,4XZ,-,
439.9250,434.9250,VK4RBP,-,Butchers Creek,Atherton Tableland 3/18,?,?,U,-,600,-,4FUY,-,
439.9250,434.9250,VK4RWM,-,North Ipswich,Ipswich,-27.590312,152.758288,O,5,60,-,4WIP,91.5,
439.9500,434.9500,VK4RBA,-,Rochedale,Brisbane,-27.553116,153.128853,O,-,-,-,4BA,123,
439.9500,434.9500,VK4RGY,Gympie,Gympie,Gympie,-26.187777,152.671423,O,25,95,4,4GYM,-,
439.9500,434.9500,VK4RSD,-,Malanda,Sth Atherton Tablelands,-17.36186,145.636904,O,50,730,3,4SDD,-,112
,,,,,,,,,,,,,,{{70CM;FM;VK5}}
438.0250,433.0250,VK5RSA,AdlCty,Adelaide,Adelaide City,-34.927823,138.603384,O,50,55,5,5ARG,-,
438.2000,433.2000,VK5RBP,-,portable,Statewide (Scouts) 6/15,-,-,P,50,-,3,5BP,-,
438.3250,433.3250,VK5RCT,-,Moonta,Moonta,-34.047307,137.65363,O,-,-,-,5ZSW,91.5,
438.5000,431.5000,VK5RMN,-,The Bluff,Port Pirie,-33.086404,138.162772,O,25,730,5,STX,-,83
438.5250,433.5250,VK5RVH,VictrH,Brown Hill,Victor Harbor,-35.505725,138.646365,O,80,270,5,5GF,91.5,
439.8000,434.8000,VK5RBV,-,Mt Kitchener,Barossa Valley,-34.571977,139.005935,O,50,580,3.5,5BRC,-,53
439.8250,434.8250,VK5ROH,MtgUHF,Blue Lake,Mt Gambier,-37.833149,140.776349,O,15,135,3.5,5SR,-,81
439.8250,434.8250,VK5RSC,-,Mt Terrible,Adelaide South,-35.331101,138.501776,O,50,380,5,5ARC,91.5,
439.8500,434.8500,VK5RAC,-,Pillaworta Hill,Lower Eyre Peninsula,-34.392624,135.954064,O,50,325,4.5,5ZEA,-,
439.8750,434.8750,VK5RHO,-,Anstey Hill,Adelaide,-34.841909,138.74945,O,20,410,3.5,5GRC,-,
439.9000,434.9000,VK5RSB,Sumtwn,Summertown,Adelaide,-34.949232,138.716978,O,100,620,5,5ARG,91.5,
439.9250,434.9250,VK5RAD,-,Crafers,Adelaide,-34.998452,138.698773,O,25,610,5,5BAR,-,
439.9500,434.9500,VK5ROC,-,Lower Light,Adelaide NW,-34.546656,138.375003,O,50,30,4,5LZ,-,
439.9750,434.9750,VK5RLZ,-,Elizabeth,Adelaide North,-34.742448,138.649074,O,25,73,3,5LZ,91.5,
,,,,,,,,,,,,,,{{70CM;FM;VK6}}
438.0250,433.0250,VK6RPT,-,portable,Statewide,-,-,O,20,-,10,WRG,-,88
438.2250,433.2250,VK6RTH,PerNE,Tic Hill,Perth North East,-31.825768,116.063938,O,40,230,4,WRG,-,19
438.5250,433.5250,VK6RAV,-,Hoddy Well,Avon East 7/17,-31.631042,116.488988,P,-,-,-,WRG,-,
438.5250,433.5250,VK6RCT,Cataby,Yandan Hill,Cataby 7/17,-30.758363,115.598169,P,-,200,-,WRG,-,
438.5250,433.5250,VK6RMS,-,Boddington,Boddington 7/17,-32.964855,116.450861,P,-,-,-,WRG,-,
438.6500,433.6500,VK6RBY,Bunbry,Harvey,Bunbury,-33.10002,115.926023,O,25,20,5,6BRC,-,43
438.6750,433.6750,VK6RBN,Busltn,Chapman Hill,Busselton,-33.81447,115.370163,O,-,130,-,WRG,-,
438.7250,433.7250,VK6RNA,-,Wanneroo,Perth,-31.755398,115.819357,O,40,230,4,6RNA,123,
439.7000,434.7000,VK6ROT,Rotto,Rottnest Is,Perth Coast,-32.000023,115.524824,O,20,55,5,6ZTN,-,19
439.8000,434.8000,VK6RAP,PerSE1,Roleystone,Perth South East,-32.100052,116.05155,O,50,360,5,WRG,123,11
439.9250,434.9250,VK6RNS,-,Whiteman Park,Perth N suburbs 6/15,?,?,U,40,70,5,6NC,-,
439.9500,434.9500,VK6RAA,MtBark,Mt Barker,South Coast,-34.655747,117.647055,O,25,450,5,6SR,-,54
439.9500,434.9500,VK6RAL,Albany,Mt Clarence,Albany,-35.024783,117.894701,O,25,-,-,6SR,-,54
439.9500,434.9500,VK6RAR,-,portable,Statewide WICEN,-,-,O,25,-,-,WWN,-,
,,,,,,,,,,,,,,{{70CM;FM;VK7}}
438.0500,433.0500,VK7RBH,-,Ben Lomond,North East Tasmania,-41.533067,147.658814,O,25,1570,10,7TAZ,-,
438.5000,433.5000,VK7RIN,-,Barren Tier,Central Tasmania,-42.018302,146.75519,O,25,1200,-,7TAZ,-,
438.5250,433.5250,VK7RCR,-,Lenah Valley,Hobart,-42.86165,147.277901,O,20,220,2,7ZCR,91.5,
438.5500,433.5500,VK7RAB,-,portable,Tasmania,-,-,O,50,1190,3,7TAZ,-,60
438.5500,433.5500,VK7RAF,-,Mt Faulkner,Hobart,-42.792233,147.19151,O,-,900,-,7OB,-,60
438.6000,433.6000,VK7RMD,-,Mt Duncan,NW Tasmania,-41.194584,146.035604,O,40,600,10,7NW,141.3,
438.6500,433.6500,VK7RAC,-,Table Cape,NW Tasmania,-40.952269,145.720715,O,25,150,5,7DC,141.3,
438.7000,433.7000,VK7RAK,-,Gagebrook,Hobart,-42.740275,147.266427,O,40,100,-,7HDM,-,
439.7000,434.7000,VK7REC,-,Snow Hill,East Coast,-41.915819,147.835645,O,-,970,-,7TAZ,-,
439.7500,434.7500,VK7RDS,-,Mt Nelson,Hobart,-42.919535,147.316426,O,30,280,4,7SD,-,
439.7750,434.7750,VK7RDR,-,Dazzler Range,Northern Tasmania,-41.23523,146.719314,O,70,155,5,TNA,91.5,
439.8250,434.8250,VK7RTC,-,Mt Wellington,Hobart,-42.894865,147.236213,O,50,1271,5,7TAZ,91.5,59,113
439.8250,434.8250,VK7RTC,-,Mt Lloyd,Derwent Valley,-42.844726,146.960276,O,50,932,5,7TAZ,91.5,59,113
439.8250,434.8250,VK7RTC,-,Grey Mtn,Huon & Channel,-43.091506,147.116136,O,50,821,5,7TAZ,91.5,59,113
439.9000,434.9000,VK7RAL,-,Companion Hill,Hampshire,-41.341217,145.728188,O,50,825,5,7TAZ,141.3,59,113
,,,,,,,,,,,,,,{{70CM;FM;VK8}}
438.2750,433.2750,VK8RDA,-,Darwin,Darwin 6/15,-12.480794,130.984368,X,10,75,4,8DA,91.5,
438.5250,433.5250,VK8RIT,ASpr70,West Gap,Alice Springs,-23.722205,133.856578,O,25,776,3,8AR,91.5,
439.9750,434.9750,VK8RWI,-,Marrara,Darwin 6/15,?,?,U,30,77,4,8DA,123,
,,,,,,,,,,,,,,{{23CM;FM;VK2}}
1273.1000,1293.1000,VK2RTZ,SugarL,Sugarloaf Range,Lower Hunter,-32.950285,151.517688,O,83,442,3,2ATZ,-,
1273.2000,1293.2000,VK2RPW,-,Grundy Mtn,Walcha,-31.326537,151.655979,O,30,1463,3,NWR,-,
1273.2000,1293.2000,VK2RWC,Chats1,Chatswood,Sydney,-33.798005,151.178974,O,30,140,2,NWN,-,
1273.3000,1293.3000,VK2RPL,Nardi,Mt Nardi,Lismore 3/17,-28.542669,153.290154,T,10,850,3,2SRC,-,
1273.4000,1293.4000,VK2RAG,Someb,Somersby,Gosford - Wyong,-33.360078,151.291215,O,-,320,-,2EH,-,
1273.5000,1293.5000,VK2RWI,Dural,Dural,Sydney,-33.698742,151.055463,O,10,240,3,2WI,-,
,,,,,,,,,,,,,,{{23CM;FM;VK3}}
1273.1000,1293.1000,VK3RCC,-,Melbourne,Melbourne City,-37.813822,144.969482,O,50,120,-,3BKR,-,
1273.2500,1293.2500,VK3RGH,GreenH,Green Hill,Macedon Ranges 6/15,-37.186272,144.425745,P,30,600,3,3HF,-,75
1273.3500,1293.3500,VK3RLV,Tassie,Mt Tassie,Latrobe Valley,-38.393572,146.55926,O,80,730,2.5,3WI,-,78
1273.4500,1293.4500,VK3RMN,KLake,Kinglake,Melbourne,-37.515708,145.316285,O,30,600,3,3HF,-,75
1273.5000,1293.5000,VK3RMU,StLeo,Mt St Leonard,Melbourne East 6/15,-37.567537,145.52555,P,-,-,-,3WI,-,
1273.6500,1293.6500,VK3RPS,Cotrel,Mt Cottrell,Melbourne West,-37.763158,144.621872,O,10,217,2,3HF,-,75
1273.7000,1293.7000,VK3RIR,-,Bendigo,Bendigo 6/15,-38.354463,144.953894,P,-,300,-,3JED,-,
1273.9250,1293.9250,VK3RBA,Bunyng,Mt Buninyong,Ballarat,-37.65293,143.926465,O,10,750,3,3WI,91.5,
,,,,,,,,,,,,,,{{23CM;FM;VK4}}
1273.3000,1293.3000,VK4RSC,-,Wilkes Knob,Sunshine Coast South,-26.778175,152.912493,O,-,470,-,4WIS,91.5,
1273.3500,1293.3500,VK4RLB,-,Woodridge,Brisbane South 6/15,-27.627411,153.100191,P,-,560,4,4ARN,-,
1273.4000,1293.4000,VK4RZB,-,Constitution Hill,Brisbane 6/15,-27.479744,152.954043,X,20,560,-,4BWI,91.5,70
1273.5000,1293.5000,VK4RMC,-,Mt Coot-tha,Brisbane,-27.463175,152.947118,O,30,-,3,4JV,-,
,,,,,,,,,,,,,,{{23CM;FM;VK5}}
1273.3750,1293.3750,VK5RHO,-,Houghton,Adelaide North 6/15,-34.841909,138.74945,P,50,410,5,5GRC,-,
1273.4500,1293.4500,VK5RSC,-,Mt Terrible,Adelaide South 6/15,-35.331101,138.501776,T,50,380,5,5ARC,-,
1273.5000,1293.5000,VK5RSB,Sumtwn,Summertown,Adelaide,-34.949232,138.716978,O,50,620,5,5ARG,-,
1273.5500,1293.5500,VK5RLZ,-,Elizabeth,Adelaide North 6/15,-34.742448,138.649074,X,5,73,5,5LZ,-,
,,,,,,,,,,,,,,{{*;DSTAR;VK2}}
146.6625,146.0625,VK1RWN C,-,Isaacs Ridge,Canberra Central (G) 6/15,-35.364585,149.11875,T,25,790,3,1ACA,-,
146.6375,146.0375,VK2RAG C,Someb,Somersby,Gosford (G),-33.360078,151.291215,O,25,320,4,2EH,-,
438.3250,432.9250,VK2RAG B,Someb1,Somersby,Gosford (G),-33.360078,151.291215,O,25,320,4,2EH,-,96
1273.4000,1293.4000,VK2RAG A,Someb2,Somersby,Gosford 6/15,-33.360078,151.291215,P,10,320,4,2EH,-,
438.7750,433.7750,VK2RBV B,-,Sydney,Sydney,-33.864292,151.211542,O,50,200,3,2BV,-,
146.7625,146.1625,VK2RDS C,Maddns,Maddens Plains,Wollongong-Sydney,-34.263384,150.954594,O,50,465,4,2AMW,-,
1273.7000,1293.7000,VK2ROZ A,-,Lilyfield SCA,Rozelle 2/16,-33.866126,151.162775,P,25,50,3,2BV,-,
146.9625,146.3625,VK2RWN C,-,Terrey Hills,Sydney (G),-33.692908,151.222351,O,25,-,3,2MB,-,
438.4000,433.0000,VK2RWN B,-,Terrey Hills,Sydney (G),-33.692908,151.222351,O,25,-,3,2MB,-,79,96
1273.9000,1293.9000,VK2RWN A,-,Terrey Hills,Sydney (G) 6/15,-33.692908,151.222351,P,25,-,3,2MB,-,
1298.7000,1298.7000,VK2RWN AD,-,Terrey Hills,Sydney (G) 6/15,-33.692908,151.222351,P,25,-,-,2MB,-,
,,,,,,,,,,,,,,{{*;DSTAR;VK3}}
439.9875,434.9875,VK3RBA B,Bunyng,Mt Buninyong,Ballarat 6/15,-37.65293,143.926465,X,25,750,3,3BML,-,
1298.7000,1298.7000,VK3RBA AD,Bunyng,Mt Buninyong,Ballarat 6/15,-37.65293,143.926465,X,10,750,-,3BML,-,
438.9125,438.9125,VK3RCE B,-,Bendigo,Bendigo (G),-36.733848,144.303883,O,25,-,3,3CE,-,
438.2000,432.8000,VK3RGV B,Wombat,Mt Wombat,Shepparton (G),-36.849308,145.67307,O,25,800,3,3WI,-,96
146.7625,146.1625,VK3RMC C,-,Berwick,Berwick (G),-38.001189,145.328134,O,25,-,-,3APC,-,
438.1250,432.7250,VK3RMC B,-,Berwick,Berwick (G),-38.001189,145.328134,O,25,-,-,3APC,-,
1273.9500,1293.9500,VK3RMC A,-,Berwick,Berwick (G),-38.001189,145.328134,O,10,-,-,3APC,-,
1298.1000,1298.1000,VK3RMC AD,-,Berwick,Berwick (G),-38.001189,145.328134,O,10,-,-,3APC,-,
146.9625,146.3625,VK3RMM C,Macdon,Mt Macedon,Melbourne NW (G) 6/15,-37.383441,144.57678,P,25,1011,3,3WI,-,
438.0500,432.6500,VK3RMM B,Macdon,Mt Macedon,Melbourne NW (G),-37.383441,144.57678,O,25,1011,3,3WI,-,96
1273.9750,1293.9750,VK3RMM A,Macdon,Mt Macedon,Melbourne NW (G) 6/15,-37.383441,144.57678,P,10,1011,3,3WI,-,
1298.5000,1298.5000,VK3RMM AD,Macdon,Mt Macedon,Melbourne NW (G) 6/15,-37.383441,144.57678,P,10,1011,-,3WI,-,
146.8875,146.2875,VK3RSD C,-,Upwey,Melbourne,-37.90393,145.317257,O,-,270,-,VSA,-,
438.2750,432.8750,VK3RSD B,-,Upwey,Melbourne 8/17,-37.90393,145.317257,P,-,270,-,VSA,-,96
1273.9750,1293.9750,VK3RSD A,-,Upwey,Melbourne 8/17,-37.90393,145.317257,P,-,270,-,VSA,-,
1298.5000,1298.5000,VK3RSD D,-,Upwey,Melbourne 8/17,-37.90393,145.317257,P,-,270,-,VSA,-,
146.9125,146.3125,VK3RWN C,-,Olinda,Melbourne East (G),-37.857864,145.364227,O,25,600,3,3ER,-,
438.3000,432.9000,VK3RWN B,-,Olinda,Melbourne East (G),-37.857864,145.364227,O,25,600,3,3ER,-,79,96
1273.9000,1293.9000,VK3RWN A,-,Olinda,Melbourne East (G),-37.857864,145.364227,O,10,600,3,3ER,-,
1298.3000,1298.3000,VK3RWN AD,-,Olinda,Melbourne East (G),-37.857864,145.364227,O,10,600,-,3ER,-,
438.1500,432.7500,VK3RWW B,-,portable,Nation wide (G),-,-,O,25,-,3,WIA,-,96
438.3000,432.9000,VK3RWW B,-,portable,Nation wide (G) 6/15,-,-,X,25,-,3,WIA,-,96
1273.8500,1293.8500,VK3RWW A,-,portable,Nation wide (G) 6/15,-,-,X,10,-,3,WIA,-,
1298.9000,1298.9000,VK3RWW AD,-,portable,Nation wide (G),-,-,O,10,-,-,WIA,-,
,,,,,,,,,,,,,,{{*;DSTAR;VK4}}
439.9500,434.9500,VK4RAS B,-,Carborough Range,Moronbah,-21.920748,148.312728,O,50,450,3,4WCH,-,
146.6375,146.0375,VK4RBD C,-,Blackdown Tableland,Blackwater,-23.774068,149.116831,O,50,950,3,4WCH,-,
146.7875,146.1875,VK4RBX C,-,The Knobby,Ipswich (G),-27.502263,152.591633,O,25,600,3,4AB,-,
146.6500,146.0500,VK4RBY C,-,Black Mtn,Mackay,-21.064039,149.095465,O,25,-,-,4WCH,-,
438.4500,433.4500,VK4RBY B,-,Black Mtn,Mackay,-21.064039,149.095465,O,-,-,-,4WCH,-,
438.3250,432.9250,VK4RCN B,-,Manoora,Cairns CBD (G),-16.922,145.733,O,25,25,3,4AA,-,96
147.3000,147.9000,VK4RCN C,-,Manoora,Cairns CBD 9/16,-16.922,145.733,T,25,25,3,4AA,-,96
438.3125,432.9125,VK4RDK B,-,Mt Tamborine,Gold Coast,-27.996729,153.183113,O,25,500,-,4BJT,-,96
146.7375,146.1375,VK4RDS C,-,Wilkes Knob,Maleny (G),-26.778175,152.912493,O,25,470,3,4KZK,-,
438.5500,433.3500,VK4RDS B,-,Wilkes Knob,Maleny (G),-26.778175,152.912493,O,25,470,3,4KZK,-,
1273.2000,1293.2000,VK4RDS A,-,Wilkes Knob,Maleny (G),-26.778175,152.912493,O,25,470,3,4KZK,-,
438.3500,432.9500,VK4RDW B,-,Wongawallan,Gold Coast (G),-27.883359,153.259881,O,25,400,-,4BJT,-,96
438.2750,432.8750,VK4RSA B,-,Sarina,Mackay 1/16,-21.497521,149.16955,T,50,460,3,4RM,-,
438.4500,433.4500,VK4RUS B,-,Sarina,Sarina,-21.394248,149.237658,O,50,175,3,4WCH,-,
146.8375,146.2375,VK4RWN C,-,Springbrook,Gold Coast (G) 6/15,-28.234862,153.288859,X,25,1010,3,WIA,-,
438.2250,432.8250,VK4RWN B,-,Springbrook,Gold Coast (G) 6/15,-28.234862,153.288859,X,25,1010,3,WIA,-,79,96
1273.1000,1293.1000,VK4RWN A,-,Springbrook,Gold Coast (G) 6/15,-28.234862,153.288859,X,10,1010,3,WIA,-,
1298.3000,1298.3000,VK4RWN AD,-,Springbrook,Gold Coast (G) 6/15,-28.234862,153.288859,X,10,1010,-,WIA,-,
,,,,,,,,,,,,,,{{*;DSTAR;VK5}}
146.9625,146.3625,VK5REX C,-,Winter Hill,Port Lincoln (G),-34.701651,135.828165,O,25,240,3,5ZEA,-,
438.2250,432.8250,VK5REX B,-,Winter Hill,Port Lincoln (G),-34.701651,135.828165,O,25,240,3,5ZEA,-,96
438.0750,432.6750,VK5RMK B,-,Renmark,Renmark,-34.158556,140.71543,O,-,-,-,5HS,-,
147.0375,147.6375,VK5RWN C,-,Banksia Park,Adelaide (G),-34.813759,138.748772,O,25,420,3,5ARG,-,
438.4000,433.0000,VK5RWN B,-,Banksia Park,Adelaide (G),-34.813759,138.748772,O,25,420,3,5ARG,-,96
1273.7000,1293.7000,VK5RWN A,-,Banksia Park,Adelaide (G) 6/15,-34.813759,138.748772,T,10,420,3,5ARG,-,
1299.7000,1299.7000,VK5RWN AD,-,Banksia Park,Adelaide (G) 6/15,-34.813759,138.748772,X,10,420,-,5ARG,-,
,,,,,,,,,,,,,,{{*;DSTAR;VK6}}
438.9250,433.9250,VK6RAV B,-,Hoddy Well,Avon East 7/17,-31.631042,116.488988,P,-,-,-,WRG,-,
146.8625,145.2625,VK6RLX C,-,Gosnells,Gosnells (G),-32.074446,115.988033,O,50,20,5,6XLR,-,
438.1500,432.7500,VK6RLX B,-,Gosnells,Gosnells (G),-32.074446,115.988033,O,50,20,5,6XLR,-,
438.1250,432.7250,VK6ROX B,-,East Fremantle,Fremantle (G),-32.045352,115.775254,O,10,-,5,6SKY,-,
146.8375,146.2375,VK6RWN C,-,Roleystone,Perth (G),-32.100052,116.05155,O,25,350,3,WRG,-,
438.1750,432.7750,VK6RWN B,-,Roleystone,Perth (G),-32.100052,116.05155,O,25,350,3,WRG,-,79,96
1273.9000,1293.9000,VK6RWN A,-,Roleystone,Perth (G) 6/15,-32.100052,116.05155,X,10,350,3,WRG,-,
1298.3000,1298.3000,VK6RWN AD,-,Roleystone,Perth (G),-32.100052,116.05155,O,10,350,-,WRG,-,
,,,,,,,,,,,,,,{{*;DSTAR;VK7}}
146.9625,146.3625,VK7RCR C,LenahV,Lenah Valley,Hobart,-42.86165,147.277901,O,20,160,2,7ZCR,-,
438.1250,432.7250,VK7RRR B,-,Richmond,SE Tasmania (G),-42.742501,147.421662,O,25,-,3,7RRR,-,96
,,,,,,,,,,,,,,{{*;DSTAR;VK8}}
146.7000,146.1000,VK8RAD C,-,Palmerston,Darwin (G),-12.400018,130.898308,O,25,75,3,8HF,-,
438.7500,433.7500,VK8RAD B,-,Palmerston,Darwin (G),-12.400018,130.898308,O,25,75,3,8HF,-,
1293.4000,1273.4000,VK8RAD A,-,Palmerston,Darwin (G),-12.400018,130.898308,O,10,75,3,8HF,-,108
1274.0500,1274.0500,VK8RAD AD,-,Palmerston,Darwin (G),-12.400018,130.898308,O,10,75,-,8HF,-,
,,,,,,,,,,,,,,{{*;P25;VK2}}
438.1375,432.7375,VK2RHP,-,Horsley Park,Sydney (L),-33.861548,150.854947,O,-,-,-,NME,-,
438.1750,433.1750,VK2RMB,THills,Terrey Hills,Sydney,-33.692994,151.222079,O,5,150,3,2MB,91.5,1
438.2000,432.8000,VK2RCG,-,Sydney,Sydney City,-33.864292,151.211542,O,-,-,-,NME,-,
438.2750,432.8750,VK2RWS,-,Berowra North,Sydney,-33.620876,151.146926,O,-,-,-,NWN,91.5,80
438.3500,432.9500,VK2RHT,Chats,Chatswood,Sydney,-33.79773,151.179197,O,-,140,-,2MA,91.5,32,96
438.4250,433.4250,VK2RLE,HCote,Engadine,Sydney,-34.040329,151.036165,O,50,110,3,2LE,-,
438.4500,433.4500,VK2RCF,-,Carlingford,Sydney,-33.775653,151.052787,O,-,-,-,NME,91.5,
438.5750,433.5750,VK2ROT,Paddo,Paddington,Sydney,-33.886561,151.229112,O,50,90,3,2BV,91.5,23
438.6750,433.6750,VK2RPL,Nardi,Mt Nardi,Lismore,-28.542669,153.290154,O,50,850,3,2SRC,123,
439.6000,434.6000,VK2RRR,Razor,Razorback,SW Sydney,-34.138944,150.664926,O,-,-,-,2VVV,91.5,
439.8250,434.8250,VK2RWK,KurraJ,Kurrajong,NW Sydney,-33.523583,150.62693,O,-,-,-,NWN,91.5,80
439.9500,434.9500,VK2RAG,Someb,Somersby,Central Coast,-33.360078,151.291215,O,-,300,3,2EH,91.5,
,,,,,,,,,,,,,,{{*;P25;VK3}}
438.7250,431.7250,VK3RPL,Portld,Portland,Portland 8/17,-38.387794,141.631864,P,10,100,3,3AJ,293,96
438.7250,431.7250,VK3RYN,-,Yallourn North,Latrobe Valley 8/17,-38.153547,146.406513,P,10,112,3,3AJ,293,96
438.7750,431.7750,VK3RAJ,Upwey,Upwey,Melbourne,-37.90393,145.317257,O,10,270,3,3AJ,293,96
438.8000,431.8000,VK3RSA,-,Emerald,Melbourne 8/17,-37.932578,145.444156,P,10,370,3,VSA,293,96
438.9375,431.9375,VK3RSB,-,Mt St Leonard,Melbourne 8/17,-37.567537,145.52555,P,10,1028,3,VSA,293,96
439.5000,434.5000,VK3RGL,Anakie,Mt Anakie,Geelong,-37.886427,144.269036,O,45,400,3,3ATL,91.5,
439.5750,434.5750,VK3RGC,MoPell,Montpellier,Geelong,-38.157168,144.313919,O,45,160,3,3ATL,91.5,
439.8000,434.8000,VK3RMU,StLeo,Mt St Leonard,Melbourne,-37.567537,145.52555,O,200,1028,2.5,3WI,-,
,,,,,,,,,,,,,,{{*;P25;VK4}}
439.3250,434.3250,VK4RAI,-,The Knobby,Ipswich,-27.502263,152.591633,O,-,-,4,4WIP,91.5,49
146.6375,146.0375,VK4RBX,-,The Knobby,Ipswich 12.5Khz,-27.502263,152.591633,O,25,600,3,4AB,-,20
147.0750,147.6750,VK4RSA,-,Sarina,Mackay 1/16,-21.497521,149.16955,T,50,460,3,4RM,-,
147.2250,145.6250,VK4RTQ,-,Mt Kynoch,Toowoomba,-27.506166,151.955865,O,50,-,-,4JV,-,20
,,,,,,,,,,,,,,{{*;DMR;*}}
438.8125,431.8125,VK1RBM,-,Isaacs Ridge,Canberra Central,-35.364585,149.11875,O,25,800,2,1ACA,-,107
438.1000,433.1000,VK2RRW,-,Dural,Sydney North WICEN,-33.712825,151.028778,O,50,-,5,2MCA,-,107
438.4250,433.4250,VK2RLE,-,Engadine,Sydney,-34.040329,151.036165,O,-,-,-,3TE,-,107
439.5000,434.5000,VK2RCG,-,Sydney,Sydney City,-33.864292,151.211542,O,50,-,5,3TE,-,107
438.1000,432.7000,VK3RSU,-,Melbourne,Melbourne,-37.8916,145.173288,O,50,-,5,3XDE,-,107
438.1500,432.7500,VK3RWW,-,portable,Nation wide,-,-,O,-,-,-,3TE,-,107
438.3000,432.9000,VK3RWW,-,portable,Nation wide,-,-,O,-,-,-,3TE,-,107
438.9125,431.9125,VK3RTE,-,Karingal,Victoria,-38.151469,145.163079,O,-,-,-,3TE,-,107
439.3750,434.3750,VK3RMC,-,Narre Warren Nth,Melbourne SE,-38.001189,145.328134,O,-,-,-,3APC,-,107
439.5000,434.5000,VK3RGL,-,Mt Anakie,Geelong,-37.886427,144.269036,O,-,-,-,3ATL,-,107
439.5250,434.5250,VK3RPT,-,Pretty Sally,Kilmore,-37.38095,144.965576,O,100,515,3,3HF,91.5,103
439.6750,434.6750,VK3RZU,-,Mt Buller,Mansfield,-37.146425,146.43441,O,-,-,-,3TE,-,107
438.7125,431.7125,VK4RBT,-,Wongawallan,Gold Coast,-27.882998,153.259931,O,50,354,3,4WIG,123,107
438.8125,431.8125,VK4RGX,-,Springbrook,Queensland,-28.231694,153.266325,O,-,-,-,4QF,-,107
438.8375,431.8375,VK4RBX,-,The Knobby,Ipswich,-27.502263,152.591633,O,40,600,5,4AB,-,107
147.3000,147.9000,VK4RCN,-,Manoora,Cairns CBD 9/16,-16.922,145.733,T,25,25,3,4AA,-,107
438.3250,432.9250,VK4RCN,-,Manoora,Cairns CBD,-16.922,145.733,O,25,25,3,4AA,-,107
439.9875,434.9875,VK4REG,-,Mt Mowbullan,Bunya Mtns,-26.888563,151.600764,O,40,1700,4,4QF,-,107
438.1250,433.1250,VK6RGF,-,Kalgoorlie,Kalgoorlie,-30.765833,121.472781,O,25,-,5,6LS,-,107
439.4875,434.4875,VK4RTQ,-,Mt Kynoch,Toowoomba,-27.506166,151.955865,O,50,500,3.5,3TE,-,107
439.9750,434.9750,VK4RMC,-,Mt Coot-tha,Brisbane,-27.463175,152.947118,O,50,-,5,4QF,-,107
438.8375,431.8375,VK5RSF,-,Adelaide,Adelaide,-34.90426,138.6925,O,-,-,-,3TE,-,107
438.2000,432.8000,VK6RRR,Lesmrd,Kalamunda,Lesmurdie,-31.968288,116.040789,O,-,-,-,6ZTN,-,107
438.5250,431.5250,VK6RLM,-,Roleystone,Perth South East,-32.101613,116.049202,O,-,-,-,WRG,-,107
439.8625,434.8625,VK6RDM,-,Perth,Perth,-31.76876,116.079888,O,-,-,-,6ML,-,107
438.4125,433.4125,VK7RAA,-,Mt Arthur,N Tasmania,-41.274031,147.283039,O,-,-,-,7JD,-,107
438.5250,433.5250,VK7RCR,-,Lenah Valley,Hobart,-42.86165,147.277901,O,-,-,-,7ZCR,-,107
,,,,,,,,,,,,,,{{*;C4FM;*}}
438.1125,432.7125,VK2RBV,-,Sydney,Sydney,-33.864292,151.211542,O,25,200,3,2BV,91.5,
146.6750,146.0750,VK2REE,-,Mt Ganghat,Taree-Gloucester,-31.922071,152.18174,O,50,600,5.0,2FRE,123,22
438.3250,433.3250,VK2REE,-,Mt Ganghat,Taree-Gloucester,-31.922071,152.18174,O,50,600,5.0,2FRE,-,106
438.6500,431.6500,VK2RFG,GHills,Gregory Hills,Campbelltown,-34.04252,150.784785,O,50,222,3,2FFG,-,
438.7250,433.7250,VK2RMP,Maddns,Maddens Plains,Wollongong - Sydney,-34.263384,150.954594,O,50,465,4,2AMW,123,16
146.8000,146.2000,VK2RSC,Lismor,Parrots Nest,Lismore,-28.857063,153.228511,O,15,185,3,2SRC,123,
438.4500,433.4500,VK3RBW,-,Mt Gisborne,Melbourne West,-37.520178,144.58707,O,150,650,3,3FSK,91.5,103
438.1875,432.7875,VK3RCD,-,Kinglake,Melbourne,-37.515708,145.316285,O,-,600,-,3HF,-,103
144.9375,145.5375,VK3RDQ,WantE,Outer Eastern Suburbs,Melbourne,-37.881361,145.219101,O,80,68,3,3DQ,91.5,46
439.6000,434.6000,VK3RDX,-,Mt Waverley,Melbourne,-37.874466,145.138124,O,100,132,3,3HF,91.5,103
438.4000,433.4000,VK3RFY,Hillsd,Hillside,Melb EchoL/IRLP,-37.694622,144.728557,O,100,100,3,3HF,91.5,38
439.3250,434.3250,VK3RGH,GreenH,Green Hill,Macedon R & Melb 11/16,-37.186272,144.425745,P,100,600,3,3HF,91.5,103
438.5000,433.5000,VK3RGW,-,Grovedale,Geelong West,-38.172568,144.29696,O,100,148,3,3HF,91.5,103
147.2000,147.8000,VK3RPS,Cotrel,Mt Cottrell,Melbourne West,-37.763158,144.621872,O,150,217,3,3HF,91.5,103
145.0125,145.6125,VK3RPT,-,Pretty Sally,Kilmore,-37.38095,144.965576,O,100,515,3,3HF,91.5,103
147.3000,147.9000,VK4RCN,-,Manoora,Cairns CBD 9/16,-16.922,145.733,T,25,25,3,4AA,-,96
438.3250,432.9250,VK4RCN,-,Manoora,Cairns CBD,-16.922,145.733,O,25,25,3,4AA,-,96
438.2250,432.8250,VK4RPH,-,Mt Haren,Kuranda,-16.836529,145.61219,O,50,250,-,4BS,123,
146.8500,146.2500,VK4RSD,-,Malanda,Sth Atherton Tablelands,-17.36186,145.636904,O,50,730,3,4SDD,-,112
146.8250,146.2250,VK5RBV,-,Mt Kitchener,Barossa Valley,-34.571977,139.005935,O,50,580,3.5,5BRC,-,53
439.8000,434.8000,VK5RBV,-,Mt Kitchener,Barossa Valley,-34.571977,139.005935,O,50,580,3.5,5BRC,-,53
438.3250,433.3250,VK5RCT,-,Moonta,Moonta,-34.047307,137.65363,O,-,-,-,5ZSW,91.5,
438.1125,431.1125,VK5RDF,-,Crafers,Adelaide,-34.998452,138.698773,O,50,610,3,5DF,-,
439.8250,434.8250,VK5RSC,-,Mt Terrible,Adelaide South,-35.331101,138.501776,O,50,380,5,5ARC,91.5,
146.6750,146.0750,VK5RSV,-,Willunga Hill,Adelaide South,-35.27319,138.598021,O,50,320,10,5ARC,91.5,52
146.8000,146.2000,VK6RTH,PerNE,Tic Hill,Perth North East,-31.825768,116.063938,O,60,230,4,WRG,-,19
147.0000,146.4000,VK8RTE,-,Larrakeyah,Darwin City,-12.455984,130.833233,O,50,59,4,8DA,123,
,,,,,,,,,,,,,,{{*;ATV;VK2}}
426.250,444.250,VK2RGL,CbTree,Cabbage Tree Mtn,Forster-Tuncurry 6/15,-32.257395,152.120465,P,50,685,-,2GLR,-,90
444.250,1250.000,VK2RTG,-,Kariong,Gosford,-33.439521,151.297295,O,-,220,-,2EH,-,91
1250.000,444.250,VK2RTS,Lawsn2,Lawson,Blue Mtns,-33.710693,150.444899,O,300,370,30,2FKO,-,90,92
-,444.250,VK2RTV,-,St Leonards,Sydney 6/15,-33.821258,151.189719,X,400,65,-,2TVG,-,
-,2439.000,VK2RTV,-,St Leonards,Sydney 6/15,-33.821258,151.189719,X,400,65,-,2TVG,-,
1250.000,426.250,VK2RFM,-,Oakdale,Sydney,-34.079735,150.503528,O,600,450,3.0,2CRZ,-,92
1250.000,444.250,VK2RFM,-,Oakdale,Sydney,-34.079735,150.503528,O,600,450,3.0,2CRZ,-,92
,,,,,,,,,,,,,,{{*;ATV;VK3}}
446.500,1250.000,VK3RTV,-,Olinda,Melbourne,-37.853928,145.36636,O,50,600,-,3WI,-,86
446.500,1255.000,VK3RTV,-,Olinda,Melbourne,-37.853928,145.36636,O,50,600,-,3WI,-,86
446.500,1278.000,VK3RTV,-,Olinda,Melbourne,-37.853928,145.36636,O,50,600,-,3WI,-,86
446.500,10410.00,VK3RTV,-,Olinda,Melbourne,-37.853928,145.36636,O,50,600,-,3WI,-,86
2415.000,1250.000,VK3RBO,-,Specimen Hill,Bendigo,-36.76632,144.244345,O,100,335,-,3WI,-,91,97
,,,,,,,,,,,,,,{{*;ATV;VK4}}
444.250,1250.000,VK4RAT,-,Mt Stuart,Townsville,-19.343838,146.780685,O,20,584,-,4WIT,-,91
444.250,1250.000,VK4RKP,-,Mt Crosby,Ipswich,-27.527452,152.797919,O,100,-,-,4AKP,-,91
446.500,Various,VK4RKC,-,Ocean View,Brisbane North,-27.145551,152.820209,O,120,530,-,4KI,-,89
446.500,1283.000,VK4RMG,-,Ocean View,Brisbane North,-27.145551,152.820209,O,120,530,-,4RMG,-,109
446.500,Various,VK4RNC,-,Wilkes Knob,Sunshine Coast,-26.77727,152.910371,O,120,450,-,4KI,-,110
446.500,Various,VK4RTV,-,Ocean View,Brisbane North,-27.145551,152.820209,O,120,530,-,4KI,-,111
,,,,,,,,,,,,,,{{*;ATV;VK5}}
446.500,1275.000,VK5RDC,-,The Bluff,Port Pirie & Whyalla,-33.105937,138.164544,O,100,730,-,5DMC,-,105
2415.000,1250.000,VK5RLZ,-,Elizabeth,Adelaide North 6/15,-34.742448,138.649074,X,250,73,30,5LZ,-,93
5815.000,5735.000,VK5RLZ,-,Elizabeth,Adelaide North 6/15,-34.742448,138.649074,X,1,80,30,5LZ,-,93,99
10350.00,10210.00,VK5RLZ,-,Elizabeth,Adelaide North 6/15,-34.742448,138.649074,X,25,80,30,5LZ,-,93
,,,,,,,,,,,,,,{{*;ATV;VK7}}
446.500,1250.000,VK7RTV,-,Gawler,Central NW Coast 6/15,-41.200655,146.154779,P,10,155,30,TNA,-,90
,,,,,,,,,,,,,,{{;;}}
